StageId;RegionId;SettlementId;StartDate;EndDate;L1_PolityParentId;L2_PolityParentId;L3_PolityParentId;L4_PolityParentId;L1_PolityTypeIdParent;L2_PolityTypeIdParent;L3_PolityTypeIdParent;L4_PolityTypeIdParent;L1_PolityCapital;L2_PolityCapital;L3_PolityCapital;L4_PolityCapital;PolicyPolityId;PolicyPolityTypeId;PolicyCapital;IsSymbolForDate
1;337;1;4050101;11851231;1;;;;4;;;;;;;;8;12;;0
2;3329;1;3440101;4971231;3;;;;1;;;;;;;;2;2;;0
3;13234;1;3440101;11761231;3;;;;1;;;;;;;;2;2;;0
4;3379;1;5510101;11761231;4;;;;1;;;;;;;;2;2;;0
5;13235;1;3440101;11761231;5;;;;1;;;;;;;;2;2;;0
6;3242;1;3310101;11690430;6;;;;2;;;;;;;;;;;0
7;13236;1;4050101;11851231;7;;;;4;;;;;;;;8;12;;0
8;276;1;10000101;11851231;7;;;;4;;;;;;;;8;12;;0
10;11303;1;11200101;12551231;9;;;;12;;;;;;;;;;;0
11;337;1;-1500101;4041231;10;;;;3;;;;;;;;;;;0
12;13236;1;-1500101;4041231;10;;;;3;;;;;;;;;;;0
16;13236;1;11860101;16030903;11;;;;12;;;;;;;;;;;0
18;13236;1;16030904;18000430;12;12;;;1;13;;;;;;;;;;0
25;13236;1;18010101;19160423;14;;;;6;;;;;;;;;;;0
26;13236;1;19160424;19221205;12;;;;8;;;;;;;;;;;0
27;13236;1;19221206;19490331;14;12;;;6;7;;;;;;;;;;0
28;13236;1;19490401;19721231;12;;;;8;;;;;;;;;;;0
29;13236;1;19730101;19931031;12;;;;8;;;;;;;;16;10;;0
30;13236;1;19931101;99991231;12;;;;8;;;;;;;;17;11;;0
31;337;1;11860101;16030903;11;;;;12;;;;;;;;;;;0
33;337;1;16030904;18000430;12;12;;;1;13;;;;;;;;;;0
40;337;1;18010101;19160423;14;;;;6;;;;;;;;;;;0
41;337;1;19160424;19221205;12;;;;8;;;;;;;;;;;0
42;337;1;19221206;19490331;14;12;;;6;7;;;;;;;;;;0
43;337;1;19490401;19721231;12;;;;8;;;;;;;;;;;0
44;337;1;19730101;19931031;12;;;;8;;;;;;;;16;10;;0
45;337;1;19931101;99991231;12;;;;8;;;;;;;;17;11;;0
46;11257;1;-1500101;4041231;10;;;;3;;;;;;;;;;;0
47;385;1;-1500101;4041231;10;;;;3;;;;;;;;;;;0
48;11303;1;-1500101;4041231;18;;;;3;;;;;;;;;;;0
49;385;1;10000101;11851231;7;;;;4;;;;;;;;8;12;;0
50;385;1;4050101;9991231;6;;;;2;;;;;;;;;;;0
51;11257;1;4050101;9991231;6;;;;2;;;;;;;;;;;0
52;11257;1;10000101;15831231;19;;;;12;;;;;;;;;;;0
53;385;1;11860101;15401231;20;;;;12;;;;;;;;;;;0
57;385;1;15410101;18001231;12;12;;;1;13;;;;;;;;;;0
58;385;1;18010101;19160423;14;;;;6;;;;;;;;;;;0
59;11257;1;15840101;18001231;12;12;;;1;13;;;;;;;;;;0
60;11303;1;15800821;18001231;12;12;;;1;13;;;;;;;;;;0
61;11257;1;18010101;19160423;14;;;;6;;;;;;;;;;;0
62;11303;1;18010101;19160423;14;;;;6;;;;;;;;;;;0
63;385;1;19160524;19221205;12;;;;8;;;;;;;;;;;0
64;11257;1;19160424;19221205;12;;;;8;;;;;;;;;;;0
65;11303;1;19160424;19221205;12;;;;8;;;;;;;;;;;0
66;11303;1;19221206;19490331;14;12;;;6;7;;;;;;;;;;0
67;385;1;19221206;19221212;14;12;;;6;7;;;;;;;;;;0
68;11257;1;19221206;19221212;14;12;;;6;7;;;;;;;;;;0
69;11303;1;19490401;19721231;12;;;;8;;;;;;;;;;;0
70;11303;1;19730101;19931031;12;;;;8;;;;;;;;16;10;;0
71;11303;1;19931101;99991231;12;;;;8;;;;;;;;17;11;;0
72;385;1;19221213;19721231;25;24;;;6;14;;;;;;;;;;0
73;11257;1;19221213;19721231;25;24;;;6;14;;;;;;;;;;0
74;385;1;19730101;19931031;25;24;;;6;14;;;;;;;16;10;;0
75;385;1;19931101;20200131;25;24;;;6;14;;;;;;;17;11;;0
76;385;1;20200201;99991231;25;24;;;6;14;;;;;;;;;;0
77;11257;1;19730101;19931031;25;24;;;6;14;;;;;;;16;10;;0
78;11257;1;19931101;20200131;25;24;;;6;14;;;;;;;17;11;;0
79;11257;1;20200201;99991231;25;24;;;6;14;;;;;;;;;;0
83;276;1;-5000101;3431231;26;;;;3;;;;;;;;;;;0
84;3329;1;-5000101;3431231;26;;;;3;;;;;;;;;;;0
85;13234;1;-7000101;-1511231;50;;;;3;;;;;;;;;;;0
86;13235;1;-5000101;3431231;27;;;;3;;;;;;;;;;;0
87;3379;1;-5000101;3431231;27;;;;3;;;;;;;;;;;0
89;3242;1;11690501;15851231;28;;;;1;;;;;;;;;;;0
90;276;1;3440101;9991231;3;;;;1;;;;;;;;2;2;;0
91;276;1;11860101;15401231;20;;;;12;;;;;;;;;;;0
93;3329;1;11770101;15401231;13;12;;;1;16;;;;;;;;;;0
94;13234;1;11770101;15401231;13;12;;;1;16;;;;;;;;;;0
95;13235;1;11770101;15401231;13;12;;;1;16;;;;;;;;;;0
96;3379;1;11770101;15401231;13;12;;;1;16;;;;;;;;;;0
97;276;1;15410101;18001231;12;12;;;1;13;;;;;;;;;;0
98;3329;1;15410101;18001231;12;12;;;1;13;;;;;;;;;;0
99;13234;1;15410101;18001231;12;12;;;1;13;;;;;;;;;;0
100;13235;1;15410101;18001231;12;12;;;1;13;;;;;;;;;;0
101;3379;1;15410101;18001231;12;12;;;1;13;;;;;;;;;;0
102;3242;1;15860101;18001231;12;12;;;1;13;;;;;;;;;;0
109;276;1;18010101;19160423;14;;;;6;;;;;;;;;;;0
110;3329;1;18010101;19160423;14;;;;6;;;;;;;;;;;0
111;13234;1;18010101;19160423;14;;;;6;;;;;;;;;;;0
112;13235;1;18010101;19160423;14;;;;6;;;;;;;;;;;0
113;3379;1;18010101;19160423;14;;;;6;;;;;;;;;;;0
114;3242;1;18010101;19160423;14;;;;6;;;;;;;;;;;0
115;276;1;19170101;19221205;12;;;;8;;;;;;;;;;;0
116;3329;1;19170101;19221205;12;;;;8;;;;;;;;;;;0
117;13234;1;19170101;19221205;12;;;;8;;;;;;;;;;;0
118;13235;1;19170101;19221205;12;;;;8;;;;;;;;;;;0
119;3379;1;19170101;19221205;12;;;;8;;;;;;;;;;;0
120;3242;1;19170101;19221205;12;;;;8;;;;;;;;;;;0
121;276;1;19221206;19221212;14;12;;;6;7;;;;;;;;;;0
122;3329;1;19221206;19221212;14;12;;;6;7;;;;;;;;;;0
123;13234;1;19221206;19221212;14;12;;;6;7;;;;;;;;;;0
124;13235;1;19221206;19221212;14;12;;;6;7;;;;;;;;;;0
125;3379;1;19221206;19221212;14;12;;;6;7;;;;;;;;;;0
126;3242;1;19221206;19221212;14;12;;;6;7;;;;;;;;;;0
127;276;1;19221213;19721231;25;24;;;6;14;;;;;;;;;;0
128;3329;1;19221213;19721231;25;24;;;6;14;;;;;;;;;;0
129;13234;1;19221213;19721231;25;24;;;6;14;;;;;;;;;;0
130;13235;1;19221213;19721231;25;24;;;6;14;;;;;;;;;;0
131;3379;1;19221213;19721231;25;24;;;6;14;;;;;;;;;;0
132;3242;1;19221213;19721231;25;24;;;6;14;;;;;;;;;;0
133;276;1;19730101;19931031;25;24;;;6;14;;;;;;;16;10;;0
134;3329;1;19730101;19931031;25;24;;;6;14;;;;;;;16;10;;0
135;13234;1;19730101;19931031;25;24;;;6;14;;;;;;;16;10;;0
136;13235;1;19730101;19931031;25;24;;;6;14;;;;;;;16;10;;0
137;3379;1;19730101;19931031;25;24;;;6;14;;;;;;;16;10;;0
138;3242;1;19730101;19931031;25;24;;;6;14;;;;;;;16;10;;0
139;276;1;19931101;20200131;25;24;;;6;14;;;;;;;17;11;;0
140;276;1;20200201;99991231;25;24;;;6;14;;;;;;;;;;0
141;3329;1;19931101;20200131;25;24;;;6;14;;;;;;;17;11;;0
142;3329;1;20200201;99991231;25;24;;;6;14;;;;;;;;;;0
143;13234;1;19931101;20200131;25;24;;;6;14;;;;;;;17;11;;0
144;13234;1;20200201;99991231;25;24;;;6;14;;;;;;;17;11;;0
145;13235;1;19931101;20200131;25;24;;;6;14;;;;;;;17;11;;0
146;13235;1;20200201;99991231;25;24;;;6;14;;;;;;;;;;0
147;3379;1;19931101;20200131;25;24;;;6;14;;;;;;;17;11;;0
148;3379;1;20200201;99991231;25;24;;;6;14;;;;;;;;;;0
149;3242;1;19931101;20200131;25;24;;;6;14;;;;;;;17;11;;0
150;3242;1;20200201;99991231;25;24;;;6;14;;;;;;;;;;0
151;9321;1;-1500101;4051231;29;;;;3;;;;;;;;;;;0
152;9369;1;-1500101;4051231;29;;;;3;;;;;;;;;;;0
154;9303;1;-1500101;4051231;29;;;;3;;;;;;;;;;;0
156;11238;1;-1500101;4051231;30;;;;3;;;;;;;;;;;0
157;11287;1;-1500101;4051231;30;;;;3;;;;;;;;;;;0
158;369;1;-5000101;1001231;31;;;;3;;;;;;;;;;;0
159;3359;1;-5000101;1001231;31;;;;3;;;;;;;;;;;0
160;11293;1;-1500101;1001231;32;;;;3;;;;;;;;;;;0
161;303;1;-1500101;1001231;33;;;;3;;;;;;;;;;;0
162;3342;1;-1500101;4991231;33;;;;3;;;;;;;;;;;0
163;7377;1;-1500101;4991231;33;;;;3;;;;;;;;;;;0
165;3396;1;-1500101;4051231;35;;;;3;;;;;;;;;;;0
166;11334;1;-1500101;1001231;35;;;;3;;;;;;;;;;;0
167;6313;1;-1500101;1001231;35;;;;3;;;;;;;;;;;0
168;9310;1;-1500101;1001231;36;;;;3;;;;;;;;;;;0
169;11267;1;-1500101;1001231;36;;;;3;;;;;;;;;;;0
170;11237;1;-1500101;1001231;36;;;;3;;;;;;;;;;;0
171;6289;1;-1500101;1001231;37;;;;3;;;;;;;;;;;0
172;9284;1;-1500101;1001231;38;;;;3;;;;;;;;;;;0
173;7394;1;-1500101;1001231;38;;;;3;;;;;;;;;;;0
175;9405;1;-5000101;1001231;39;;;;3;;;;;;;;;;;0
176;9321;1;4060101;4821231;40;;;;2;;;;;;;;;;;0
177;9369;1;4060101;4821231;40;;;;2;;;;;;;;;;;0
178;9255;1;4060101;4821231;40;;;;2;;;;;;;;;;;0
179;9303;1;4060101;4821231;40;;;;2;;;;;;;;;;;0
180;11371;1;4060101;4821231;40;;;;2;;;;;;;;;;;0
182;11287;1;4060101;4821231;40;;;;2;;;;;;;;;;;0
183;3396;1;4060101;4821231;40;;;;2;;;;;;;;;;;0
185;11303;1;12560101;15790820;41;;;;12;;;;;;;;;;;0
186;11371;1;11200101;12551231;9;;;;12;;;;;;;;;;;0
187;11238;1;11200101;12551231;9;;;;12;;;;;;;;;;;0
188;11238;1;12560101;15821231;42;;;;12;;;;;;;;;;;0
189;11371;1;12560101;15821231;42;;;;12;;;;;;;;;;;0
190;3359;1;5350101;6031231;43;;;;1;;;;;;;;;;;0
191;11293;1;5350101;7281231;43;;;;1;;;;;;;;;;;0
192;11303;1;7000101;11191231;45;;;;1;;;;;;;;;;;0
193;369;1;1010101;11711231;45;;;;1;;;;;;;;;;;0
194;303;1;1010101;11711231;45;;;;1;;;;;;;;;;;0
195;3359;1;6040101;10131231;44;;;;1;;;;;;;;;;;0
196;11293;1;7290101;8521231;44;;;;1;;;;;;;;;;;0
197;3359;1;10140101;11711231;45;;;;1;;;;;;;;;;;0
199;369;1;11720101;15401231;13;12;;;1;16;;;;;;;;;;0
200;303;1;11720101;15401231;13;12;;;1;16;;;;;;;;;;0
201;3359;1;11720101;15401231;13;12;;;1;16;;;;;;;;;;0
202;11293;1;11700101;15401231;13;12;;;1;16;;;;;;;;;;0
204;9310;1;1010101;8591231;47;;;;1;;;;;;;;;;;0
205;9310;1;8600101;11561231;46;;;;1;;;;;;;;;;;0
207;11237;1;1010101;8591231;47;;;;1;;;;;;;;;;;0
208;11237;1;8600101;11561231;46;;;;1;;;;;;;;;;;0
209;11293;1;8530101;11691231;48;;;;1;;;;1;;;;;;;0
216;276;1;-7000101;-5011231;50;;;;3;;;;;;;;;;;0
218;3329;1;-7000101;-5011231;50;;;;3;;;;;;;;;;;0
223;3379;1;-7000101;-5011231;50;;;;3;;;;;;;;;;;0
224;13235;1;-7000101;-5011231;50;;;;3;;;;;;;;;;;0
225;7394;1;-5000101;-1511231;39;;;;3;;;;;;;;;;;0
226;9284;1;-5000101;-1511231;39;;;;3;;;;;;;;;;;0
227;6405;2;-5000101;1001231;39;;;;3;;;;;;;;;;;0
228;6289;1;-5000101;-1511231;39;;;;3;;;;;;;;;;;0
229;13234;1;-1500101;3431231;26;;;;3;;;;;;;;;;;0
230;285;3;-1500101;4991231;34;;;;3;;;;;;;;;;;0
232;3242;5;-7000101;-5011231;50;;;;3;;;;;;;;;;;0
233;3242;5;-5000101;3301231;27;;;;3;;;;;;;;;;;0
234;6526;6;-7000101;771231;51;;;;3;;;;;;;;;;;0
235;11406;6;-7000101;771231;51;;;;3;;;;;;;;;;;0
236;540;6;-7000101;771231;51;;;;3;;;;;;;;;;;0
237;9562;6;-7000101;591231;51;;;;3;;;;;;;;;;;0
238;3463;6;-7000101;431231;52;;;;17;;;;;;;;;;;0
241;9484;6;-7000101;431231;52;;;;17;;;;;;;;;;;0
247;9458;6;-541231;421231;54;;;;3;;;;;;;;;;;0
249;11446;6;-541231;421231;54;;;;3;;;;;;;;;;;0
253;3287;6;-7000101;461231;57;;;;3;;;;;;;;;;;0
254;322;6;-7000101;461231;57;;;;3;;;;;;;;;;;0
255;271;6;-7000101;461231;57;;;;3;;;;;;;;;;;0
265;3353;6;-7000101;461231;60;;;;3;;;;;;;;;;;0
266;9322;6;-7000101;461231;60;;;;3;;;;;;;;;;;0
267;9250;6;-7000101;471231;60;;;;3;;;;;;;;;;;0
268;364;6;-7000101;601231;60;;;;3;;;;;;;;;;;0
269;11345;6;-7000101;511231;60;;;;3;;;;;;;;;;;0
270;6270;6;-7000101;461231;60;;;;3;;;;;;;;;;;0
271;9297;6;-7000101;511231;60;;;;3;;;;;;;;;;;0
272;11279;6;-7000101;441231;60;;;;3;;;;;;;;;;;0
273;6237;6;-7000101;601231;60;;;;3;;;;;;;;;;;0
274;11382;6;-7000101;601231;60;;;;3;;;;;;;;;;;0
275;3241;6;-7000101;511231;81;;;;3;;;;;;;;;;;0
276;6378;6;-7000101;421231;61;;;;3;;;;;;;;;;;0
277;7239;6;-7000101;511231;81;;;;3;;;;;;;;;;;0
278;6221;6;-7000101;421231;61;;;;3;;;;;;;;;;;0
279;3369;6;-7000101;431231;61;;;;3;;;;;;;;;;;0
280;377;6;-7000101;781231;62;;;;17;;;;;;;;;;;0
281;3274;6;-7000101;781231;63;;;;3;;;;;;;;;;;0
282;253;6;-7000101;781231;64;;;;3;;;;;;;;;;;0
283;407;6;-7000101;781231;63;;;;3;;;;;;;;;;;0
284;11361;6;-7000101;781231;63;;;;3;;;;;;;;;;;0
286;311;6;-7000101;781231;64;;;;3;;;;;;;;;;;0
287;9364;6;-7000101;781231;66;;;;3;;;;;;;;;;;0
288;6301;6;-7000101;511231;81;;;;3;;;;;;;;;;;0
289;3301;6;-7000101;551231;81;;;;3;;;;;;;;;;;0
292;11332;6;-7000101;781231;67;;;;3;;;;;;;;;;;0
293;6399;6;-7000101;781231;67;;;;3;;;;;;;;;;;0
294;9285;6;-7000101;781231;36;;;;3;;;;;;;;;;;0
295;351;6;-7000101;781231;70;;;;3;;;;;;;;77;3;;0
298;9397;6;-7000101;781231;36;;;;3;;;;;;;;;;;0
299;9332;6;-7000101;781231;36;;;;3;;;;;;;;;;;0
300;6268;6;-7000101;781231;36;;;;3;;;;;;;;;;;0
301;9379;6;-7000101;781231;36;;;;3;;;;;;;;;;;0
302;9315;6;-7000101;781231;36;;;;3;;;;;;;;;;;0
303;6318;6;-7000101;781231;36;;;;3;;;;;;;;;;;0
304;6335;6;-7000101;781231;93;;;;3;;;;;;;;;;;0
305;6384;6;-7000101;781231;93;;;;3;;;;;;;;;;;0
306;3205;6;-7000101;571231;81;;;;3;;;;;;;;;;;0
309;11218;6;-7000101;811231;69;;;;3;;;;;;;;;;;0
310;9350;6;-7000101;811231;68;;;;3;;;;;;;;77;3;;0
311;6350;6;-7000101;811231;68;;;;3;;;;;;;;77;3;;0
312;9314;6;-7000101;811231;69;;;;3;;;;;;;;;;;0
313;11299;6;-7000101;811231;70;;;;3;;;;;;;;77;3;;0
315;219;6;-7000101;781231;69;;;;3;;;;;;;;;;;0
316;9392;6;-7000101;811231;71;;;;3;;;;;;;;77;3;;0
317;11378;6;-7000101;811231;70;;;;3;;;;;;;;77;3;;0
318;9237;6;-7000101;811231;71;;;;3;;;;;;;;77;3;;0
319;6320;6;-7000101;811231;71;;;;3;;;;;;;;77;3;;0
320;159;6;-7000101;1961231;72;;;;3;;;;;;;;77;3;;0
321;3150;6;-7000101;1961231;72;;;;3;;;;;;;;77;3;;0
322;6300;6;-7000101;1961231;72;;;;3;;;;;;;;77;3;;0
323;6395;6;-7000101;811231;71;;;;3;;;;;;;;77;3;;0
324;3273;6;-7000101;811231;71;;;;3;;;;;;;;77;3;;0
325;9383;6;-7000101;811231;71;;;;3;;;;;;;;77;3;;0
326;3373;6;-7000101;1961231;73;;;;3;;;;;;;;77;3;;0
327;284;6;-7000101;1961231;73;;;;3;;;;;;;;77;3;;0
328;6385;6;-7000101;1961231;72;;;;3;;;;;;;;77;3;;0
329;200;6;-7000101;1961231;75;;;;3;;;;;;;;77;3;;0
330;11207;6;-7000101;1961231;75;;;;3;;;;;;;;77;3;;0
331;9161;6;-7000101;1961231;75;;;;3;;;;;;;;77;3;;0
332;9075;6;-7000101;1961231;94;;;;3;;;;;;;;77;3;;0
333;3178;6;-7000101;1961231;76;;;;3;;;;;;;;77;3;;0
334;11266;6;-7000101;1961231;76;;;;3;;;;;;;;77;3;;0
335;11136;6;-7000101;1961231;74;;;;3;;;;;;;;77;3;;0
339;6205;6;-7000101;1961231;78;;;;3;;;;;;;;77;3;;0
340;3159;6;-7000101;1961231;95;;;;3;;;;;;;;77;3;;0
341;9090;6;-7000101;1961231;80;;;;3;;;;;;;;77;3;;0
342;11064;6;-7000101;1961231;74;;;;3;;;;;;;;77;3;;0
343;131;6;-7000101;1961231;82;;;;3;;;;;;;;77;3;;0
344;6104;6;-7000101;1961231;79;;;;3;;;;;;;;77;3;;0
345;6046;6;-7000101;1961231;94;;;;3;;;;;;;;77;3;;0
346;221;8;-541231;421231;58;;;;1;;;;1;;;;;;;0
348;221;7;430101;631231;83;84;;;9;19;;;;1;;;;;;0
349;221;7;1970101;2850331;83;88;;;9;19;;;;;;;;;;0
351;11374;6;-541231;421231;58;;;;1;;;;;;;;;;;0
353;11374;9;430101;591231;83;84;;;9;19;;;;;;;;;;0
359;11471;10;-7000101;421231;56;;;;3;;;;;;;;;;;0
360;507;10;-7000101;421231;56;;;;3;;;;;;;;;;;0
361;3501;10;-7000101;421231;55;;;;17;;;;;;;;;;;0
362;13070;10;-7000101;421231;55;;;;17;;;;;;;;;;;0
363;11333;10;-7000101;-550101;56;;;;3;;;;;;;;;;;0
364;6103;10;-7000101;-550101;58;;;;3;;;;;;;;;;;0
365;11374;10;-7000101;-550101;58;;;;3;;;;;;;;;;;0
366;221;10;-7000101;-550101;58;;;;3;;;;;;;;;;;0
367;11253;10;-7000101;-550101;58;;;;3;;;;;;;;;;;0
368;296;10;-7000101;-550101;59;;;;3;;;;;;;;;;;0
369;11221;10;-7000101;-550101;59;;;;3;;;;;;;;;;;0
370;9268;10;-7000101;-550101;59;;;;3;;;;;;;;;;;0
371;9239;10;-7000101;-550101;59;;;;3;;;;;;;;;;;0
372;6363;1;-7000101;781231;91;;;;3;;;;;;;;;;;0
373;9269;10;-7000101;781231;65;;;;3;;;;;;;;;;;0
374;11297;10;-7000101;781231;65;;;;3;;;;;;;;;;;0
375;11317;10;-7000101;781231;65;;;;3;;;;;;;;;;;0
376;11055;6;-7000101;1961231;74;;;;4;;;;;;;;77;3;;0
377;11306;6;-7000101;1961231;72;;;;3;;;;;;;;77;3;;0
378;11161;6;-7000101;1861231;94;;;;3;;;;;;;;77;3;;0
379;3501;11;430101;691231;83;84;;;9;19;;;;;;;;;;0
380;13070;9;430101;1961231;83;84;;;9;19;;;;;;;;;;0
381;11333;9;660101;1961231;83;84;;;9;19;;;;;;;;;;0
382;9458;12;660101;1961231;83;84;;;9;19;;;;;;;;;;0
383;11446;9;660101;1961231;83;84;;;9;19;;;;;;;;;;0
385;6489;9;430101;601231;83;84;;;9;19;;;;;;;;;;0
387;507;18;430101;1961231;83;84;;;9;19;;;;;;;;;;0
388;9239;16;-541231;421231;59;;;;1;;;;1;;;;;;;0
389;9239;17;430101;1961231;83;84;;;9;19;;;;;;;;;;0
390;9268;6;-541231;421231;59;;;;1;;;;;;;;;;;0
391;11471;9;430101;1961231;83;84;;;9;19;;;;;;;;;;0
395;6103;6;-541231;421231;58;;;;1;;;;;;;;;;;0
401;11253;6;-541231;421231;58;;;;1;;;;;;;;;;;0
402;11253;9;430101;691231;83;84;;;9;19;;;;;;;;;;0
403;3353;9;470101;1961231;83;84;;;9;19;;;;;;;;;;0
404;9322;9;470101;1961231;83;84;;;9;19;;;;;;;;;;0
405;11279;20;450101;1961231;83;84;;;9;19;;;;;;;;;;0
406;3369;25;600101;1961231;83;84;;;9;19;;;;;;;;;;0
408;3463;9;440101;601231;83;84;;;9;19;;;;;;;;;;0
409;13266;6;-7000101;431231;51;;;;3;;;;;;;;;;;0
410;13266;13;440101;1961231;83;84;;;9;19;;;;;;;;;;0
411;9255;4;-1500101;4051231;30;;;;3;;;;;;;;;;;0
412;11371;1;-1050101;4051231;30;;;;3;;;;;;;;;;;0
413;296;6;-541231;421231;59;;;;1;;;;;;;;;;;0
414;296;9;430101;1961231;83;84;;;9;19;;;;;;;;;;0
415;11221;6;-541231;421231;59;;;;1;;;;;;;;;;;0
416;11221;9;430101;1961231;83;84;;;9;19;;;;;;;;;;0
417;9268;9;430101;1961231;83;84;;;9;19;;;;;;;;;;0
418;6221;9;430101;601231;83;84;;;9;19;;;;;;;;;;0
419;6270;9;470101;491231;83;84;;;9;19;;;;;;;;;;0
420;6270;21;500101;1961231;83;84;;;9;19;;;;;;;;;;0
421;3301;22;560101;1961231;83;84;;;9;19;;;;;;;;;;0
423;3205;9;580101;691231;83;84;;;9;19;;;;;;;;;;0
424;6301;9;520101;1961231;83;84;;;9;19;;;;;;;;;;0
425;3241;9;520101;1961231;83;84;;;9;19;;;;;;;;;;0
426;9297;9;520101;1961231;83;84;;;9;19;;;;;;;;;;0
428;9364;9;790101;1961231;83;84;;;9;19;;;;;;;;;;0
430;311;9;790101;1961231;83;84;;;9;19;;;;;;;;;;0
431;253;9;790101;1961231;83;84;;;9;19;;;;;;;;;;0
436;9250;9;480101;851231;83;84;;;9;19;;;;;;;;;;0
437;9250;23;860101;1961231;83;84;;;9;19;;;;;;;;;;0
438;9269;24;790101;1961231;83;84;;;9;19;;;;;;;;;;0
439;9484;9;440101;1961231;83;84;;;9;19;;;;;;;;;;0
440;9562;9;600101;771231;83;84;;;9;19;;;;;;;;;;0
444;3463;26;610101;1961231;83;84;;;9;19;;;;;;;;;;0
445;6489;27;610101;1961231;83;84;;;9;19;;;;;;;;;;0
446;6351;28;430101;1961231;83;84;;;9;19;;;;;;;;;;0
447;3501;29;700101;1961231;83;84;;;9;19;;;;;;;;;;0
448;6103;30;430101;631231;83;84;;;9;19;;;;;;;;;;0
449;11374;31;600101;1961231;83;84;;;9;19;;;;;;;;;;0
450;322;32;620101;1961231;83;84;;;9;19;;;;;;;;;;0
451;6237;9;610101;1961231;83;84;;;9;19;;;;;;;;;;0
452;364;9;610101;1961231;83;84;;;9;19;;;;;;;;;;0
454;377;33;790101;1961231;83;84;;;9;19;;;;;;;;;;0
455;6221;34;610101;1961231;83;84;;;9;19;;;;;;;;;;0
456;3329;1;4980101;11761231;96;;;;1;;;;;;;;2;2;;0
457;3379;1;3440101;5501231;5;;;;1;;;;;;;;2;2;;0
458;9321;1;4830101;5001231;40;;;;2;;;;;;;;;;;1
459;11371;1;4830101;5001231;40;;;;2;;;;;;;;;;;1
460;9255;1;4830101;5001231;40;;;;2;;;;;;;;;;;1
462;11287;1;4830101;5001231;40;;;;2;;;;;;;;;;;1
463;9369;1;4830101;5001231;40;;;;2;;;;;;;;;;;1
464;9303;1;4830101;5001231;40;;;;2;;;;;;;;;;;1
465;3396;1;4830101;5001231;40;;;;2;;;;;;;;;;;1
466;11238;35;4060101;4821231;40;;;;2;;;;1;;;;;;;0
467;11238;35;4830101;5001231;40;;;;2;;;;1;;;;;;;1
468;11303;1;4050101;6991231;6;;;;2;;;;;;;;;;;0
470;11293;1;1010101;5341231;45;;;;1;;;;;;;;;;;0
471;3359;36;1010101;5341231;45;;;;1;;;;1;;;;;;;0
472;13267;1;-1500101;1491231;34;;;;3;;;;;;;;;;;0
473;13267;37;1500101;4991231;46;;;;1;;;;1;;;;;;;0
474;11267;38;1010101;5001231;47;;;;1;;;;1;;;;;;;0
475;11334;1;1010101;5001231;47;;;;1;;;;;;;;;;;0
476;6313;1;1010101;5001231;47;;;;1;;;;;;;;;;;0
477;7394;1;1010101;5001231;47;;;;1;;;;;;;;;;;0
478;9284;1;1010101;5001231;47;;;;1;;;;;;;;;;;0
479;6289;1;1010101;5001231;47;;;;1;;;;;;;;;;;0
480;9405;1;1010101;5001231;47;;;;1;;;;;;;;;;;0
481;6405;1;1010101;5001231;47;;;;1;;;;;;;;;;;0
482;221;7;640101;1961231;83;84;;;9;19;;;;;;;;;;0
483;6103;30;640101;1961231;83;84;;;9;19;;;;1;;;;;;0
484;6270;21;1970101;2850331;83;97;;;9;19;;;;;;;;;;0
485;6270;21;2850401;2861231;99;97;;;9;19;;;;;;;100;23;;0
486;6270;21;2870101;2951231;101;84;;;9;20;;;;;;;;;;0
487;6270;21;2960101;3240918;99;86;98;;22;21;20;;;;;;100;24;;0
488;6270;21;3240919;3361231;83;99;86;98;9;22;21;20;;;;;;;;0
489;6270;21;3370101;3391231;87;86;98;;22;21;20;;;;;;100;25;;0
490;6270;21;3400101;3500117;87;86;98;;22;21;20;;;;;;100;23;;0
491;6270;21;3500118;3530810;99;87;86;98;9;22;21;20;;;;;;;;0
492;6270;21;3530811;3640327;83;87;86;98;9;22;21;20;;;;;;;;0
493;6270;21;3640328;3790118;99;87;86;98;9;22;21;20;;;;;100;23;;0
495;6270;21;3790119;3861231;99;87;86;98;9;22;21;20;;;;;100;25;;0
496;6270;21;3870101;3911231;99;87;86;98;9;22;21;20;;;;;100;23;;0
497;6270;21;3920101;3950117;83;87;86;98;9;22;21;20;;;;;;;;0
498;6270;21;3950118;4981231;99;87;86;98;9;22;21;20;;;;;;;;0
499;6270;39;4990101;5001231;102;;;;3;;;;;;;;;;;0
501;9332;41;790101;1961231;83;84;;;9;19;;;;;;;;;;0
502;11332;40;790101;1961231;83;84;;;9;19;;;;;;;;;;0
503;11332;40;1970101;2850331;83;97;;;9;19;;;;;;;;;;0
504;11332;40;2850401;2861231;99;97;;;9;19;;;;;;;100;23;;0
505;11332;40;2870101;2951231;101;84;;;9;20;;;;;;;;;;0
506;11332;40;2960101;3240918;99;86;105;;22;21;20;;;;;;100;24;;0
507;11332;40;3240919;3361231;83;99;86;105;9;22;21;20;;;;;;;;0
508;11332;40;3370101;3391231;87;86;105;;22;21;20;;;;;;100;25;;0
509;11332;40;3400101;3500117;87;86;105;;22;21;20;;;;;;100;23;;0
510;11332;40;3500118;3530810;99;87;86;105;9;22;21;20;;;;;;;;0
511;11332;40;3530811;3640327;83;87;86;105;9;22;21;20;;;;;;;;0
512;11332;40;3640328;3790118;99;87;86;105;9;22;21;20;;;;;100;23;;0
513;11332;40;3790119;3861231;99;87;86;105;9;22;21;20;;;;;100;25;;0
514;11332;40;3870101;3911231;99;87;86;105;9;22;21;20;;;;;100;23;;0
515;11332;40;3950118;4091231;99;87;86;105;9;22;21;20;;;;;;;;0
517;11332;42;4500101;5001231;103;;;;1;;;;1;;;;;;;0
518;9332;41;1970101;2850331;83;97;;;9;19;;;;;;;;;;0
519;9332;41;2850401;2861231;99;97;;;9;19;;;;;;;100;23;;0
520;9332;41;2870101;2951231;101;84;;;9;20;;;;;;;;;;0
521;9332;41;2960101;3240918;99;86;105;;22;21;20;;;;;;100;24;;0
522;9332;41;3240919;3361231;83;99;86;105;9;22;21;20;;;;;;;;0
523;9332;41;3370101;3391231;87;86;105;;22;21;20;;;;;;100;25;;0
524;9332;41;3400101;3500117;87;86;105;;22;21;20;;;;;;100;23;;0
525;9332;41;3500118;3530810;99;87;86;105;9;22;21;20;;;;;;;;0
526;9332;41;3530811;3640327;83;87;86;105;9;22;21;20;;;;;;;;0
527;9332;41;3640328;3790118;99;87;86;105;9;22;21;20;;;;;100;23;;0
528;9332;41;3790119;3861231;99;87;86;105;9;22;21;20;;;;;100;25;;0
529;9332;41;3870101;3911231;99;87;86;105;9;22;21;20;;;;;100;23;;0
530;9332;41;3950118;4091231;99;87;86;105;9;22;21;20;;;;;;;;0
531;9332;41;4100101;4491231;104;;;;1;;;;;;;;;;;0
533;11332;40;4100101;4491231;104;;;;1;;;;;;;;;;;0
534;9332;41;4500101;5001231;106;;;;1;;;;;;;;;;;0
535;9484;9;1970101;2850331;83;88;;;9;19;;;;;;;;;;0
536;9484;9;2850401;2861231;99;88;;;9;19;;;;;;;100;23;;0
537;9484;9;2870101;2951231;101;84;;;9;20;;;;;;;;;;0
538;9484;9;2960101;3240918;99;86;89;;22;21;20;;;;;;100;24;;0
539;9484;9;3240919;3361231;83;99;86;89;9;22;21;20;;;;;;;;0
540;9484;9;3370101;3391231;87;86;89;;22;21;20;;;;;;100;25;;0
541;9484;9;3400101;3500117;87;86;89;;22;21;20;;;;;;100;23;;0
542;9484;9;3500118;3530810;99;87;86;89;9;22;21;20;;;;;;;;0
543;9484;9;3530811;3640327;83;87;86;89;9;22;21;20;;;;;;;;0
544;9484;9;3640328;3790118;99;87;86;89;9;22;21;20;;;;;100;23;;0
545;9484;9;3790119;3861231;99;87;86;89;9;22;21;20;;;;;100;25;;0
546;9484;9;3870101;3911231;99;87;86;89;9;22;21;20;;;;;100;23;;0
547;9484;9;3920101;3950117;83;87;86;89;9;22;21;20;;;;;;;;0
548;9484;9;3950118;4091231;99;87;86;89;9;22;21;20;;;;;;;;0
550;3369;25;2960101;3240918;99;86;89;;22;21;20;;;;;;100;24;;0
551;3369;25;1970101;2850331;83;88;;;9;19;;;;;;;;;;0
552;3369;25;2850401;2861231;99;88;;;9;19;;;;;;;100;23;;0
553;3369;25;2870101;2951231;101;84;;;9;20;;;;;;;;;;0
554;3369;25;3240919;3361231;83;99;86;89;9;22;21;20;;;;;;;;0
555;3369;25;3370101;3391231;87;86;89;;22;21;20;;;;;;100;25;;0
556;3369;25;3400101;3500117;87;86;89;;22;21;20;;;;;;100;23;;0
557;3369;25;3500118;3530810;99;87;86;89;9;22;21;20;;;;;;;;0
558;3369;25;3530811;3640327;83;87;86;89;9;22;21;20;;;;;;;;0
559;3369;25;3640328;3790118;99;87;86;89;9;22;21;20;;;;;100;23;;0
560;3369;25;3790119;3861231;99;87;86;89;9;22;21;20;;;;;100;25;;0
561;3369;25;3870101;3911231;99;87;86;89;9;22;21;20;;;;;100;23;;0
562;3369;25;3920101;3950117;83;87;86;89;9;22;21;20;;;;;;;;0
563;3369;25;3950118;4091231;99;87;86;89;9;22;21;20;;;;;;;;0
565;3369;9;440101;591231;83;84;;;9;19;;;;;;;;;;0
566;11297;44;790101;1961231;83;84;;;9;19;;;;;;;;;;0
567;11297;44;1970101;2850331;83;97;;;9;19;;;;;;;;;;0
568;11297;44;2850401;2861231;99;97;;;9;19;;;;;;;100;23;;0
569;11297;44;2870101;2951231;101;84;;;9;20;;;;;;;;;;0
570;11297;44;2960101;3240918;99;86;105;;22;21;20;;;;;;100;24;;0
571;11297;44;3240919;3361231;83;99;86;105;9;22;21;20;;;;;;;;0
572;11297;44;3370101;3391231;87;86;105;;22;21;20;;;;;;100;25;;0
573;11297;44;3400101;3500117;87;86;105;;22;21;20;;;;;;100;23;;0
574;11297;44;3500118;3530810;99;87;86;105;9;22;21;20;;;;;;;;0
575;11297;44;3530811;3640327;83;87;86;105;9;22;21;20;;;;;;;;0
576;11297;44;3640328;3790118;99;87;86;105;9;22;21;20;;;;;100;23;;0
577;11297;44;3790119;3861231;99;87;86;105;9;22;21;20;;;;;100;25;;0
578;11297;44;3870101;3911231;99;87;86;105;9;22;21;20;;;;;100;23;;0
579;11297;44;3950118;4091231;99;87;86;105;9;22;21;20;;;;;;;;0
580;11297;44;4100101;4491231;104;;;;1;;;;;;;;;;;0
582;253;9;1970101;2850331;83;88;;;9;19;;;;;;;;;;0
583;253;9;2850401;2861231;99;88;;;9;19;;;;;;;100;23;;0
584;253;9;2870101;2951231;101;84;;;9;20;;;;;;;;;;0
585;253;9;2960101;3240918;99;86;89;;22;21;20;;;;;;100;24;;0
586;253;9;3240919;3361231;83;99;86;89;9;22;21;20;;;;;;;;0
587;253;9;3370101;3391231;87;86;89;;22;21;20;;;;;;100;25;;0
588;253;9;3400101;3500117;87;86;89;;22;21;20;;;;;;100;23;;0
589;253;9;3530811;3640327;83;87;86;89;9;22;21;20;;;;;;;;0
590;253;9;3640328;3790118;99;87;86;89;9;22;21;20;;;;;100;23;;0
591;253;9;3790119;3811231;99;87;86;89;9;22;21;20;;;;;100;25;;0
595;253;46;4200101;5001231;109;;;;1;;;;1;;;;;;;0
596;6363;47;790101;1961231;83;84;;;9;19;;;;;;;;;;0
597;6363;47;1970101;2850331;83;88;;;9;19;;;;;;;;;;0
598;6363;47;2870101;2951231;101;84;;;9;20;;;;;;;;;;0
599;6363;47;2960101;3240918;99;86;89;;22;21;20;;;;;;100;24;;0
600;6363;47;3240919;3361231;83;99;86;89;9;22;21;20;;;;;;;;0
601;6363;47;3370101;3391231;87;86;89;;22;21;20;;;;;;100;25;;0
602;6363;47;3400101;3500117;87;86;89;;22;21;20;;;;;;100;23;;0
603;6363;47;3530811;3640327;83;87;86;89;9;22;21;20;;;;;;;;0
604;6363;47;3640328;3790118;99;87;86;89;9;22;21;20;;;;;100;23;;0
605;6363;47;3790119;3811231;99;87;86;89;9;22;21;20;;;;;100;25;;0
609;6363;47;3500118;3530810;99;87;86;89;9;22;21;20;;;;;;;;0
610;253;46;3500118;3530810;99;87;86;89;9;22;21;20;;;;;;;;0
611;6363;47;3820101;4001231;110;;;;1;;;;;;;;;;;0
612;6363;49;4010101;5001231;111;;;;1;;;;;;;;;;;0
613;11297;45;4500101;5001231;108;;;;1;;;;;;;;;;;0
614;9250;23;1970101;2850331;83;97;;;9;19;;;;;;;;;;0
615;9250;23;2850401;2861231;99;97;;;9;19;;;;;;;100;23;;0
616;9250;23;2870101;2951231;101;84;;;9;20;;;;;;;;;;0
617;9250;23;2960101;3240918;99;86;98;;22;21;20;;;;1;;100;24;;0
618;9250;23;3240919;3361231;83;99;86;98;9;22;21;20;;;;1;;;;0
619;9250;23;3370101;3391231;87;86;98;;22;21;20;;;;1;;100;25;;0
620;9250;23;3400101;3500117;87;86;98;;22;21;20;;;;1;;100;23;;0
621;9250;23;3500118;3530810;99;87;86;98;9;22;21;20;;;;1;;;;0
622;9250;23;3530811;3640327;83;87;86;98;9;22;21;20;;;;1;;;;0
623;9250;23;3640328;3790118;99;87;86;98;9;22;21;20;;;;1;100;23;;0
624;9250;23;3790119;3861231;99;87;86;98;9;22;21;20;;;;1;100;25;;0
625;9250;23;3870101;3911231;99;87;86;98;9;22;21;20;;;;1;100;23;;0
626;9250;23;3920101;3950117;83;87;86;98;9;22;21;20;;;;1;;;;0
627;9250;23;3950118;4541231;99;87;86;98;9;22;21;20;;;;1;;;;0
628;9250;50;4550101;5001231;112;;;;1;;;;1;;;;;;;0
629;11253;51;700101;1961231;83;84;;;9;19;;;;;;;;;;0
630;11253;51;1970101;2850331;83;88;;;9;19;;;;;;;;;;0
631;11253;51;2850401;2861231;99;88;;;9;19;;;;;;;100;23;;0
632;11253;51;2870101;2951231;101;84;;;9;20;;;;;;;;;;0
633;11253;51;2960101;3240918;99;86;85;;22;21;20;;;;;;100;24;;0
634;11253;51;3240919;3361231;83;99;86;85;9;22;21;20;;;;;;;;0
635;11253;51;3370101;3391231;87;86;85;;22;21;20;;;;;;100;25;;0
636;11253;51;3400101;3500117;87;86;85;;22;21;20;;;;;;100;23;;0
637;11253;51;3500118;3530810;99;87;86;85;9;22;21;20;;;;;;;;0
638;11253;51;3530811;3640327;83;87;86;85;9;22;21;20;;;;;;;;0
639;11253;51;3640328;3790118;99;87;86;85;9;22;21;20;;;;;100;23;;0
640;11253;51;3790119;3861231;99;87;86;85;9;22;21;20;;;;;100;25;;0
641;11253;51;3870101;3911231;99;87;86;85;9;22;21;20;;;;;100;23;;0
642;11253;51;3920101;3950117;83;87;86;85;9;22;21;20;;;;;;;;0
643;11253;51;3950118;4491231;99;87;86;85;9;22;21;20;;;;;;;;0
644;11253;52;4500101;5001231;113;;;;1;;;;;;;;;;;0
645;3501;29;1970101;2850331;83;88;;;9;19;;;;;;;;;;0
646;3501;29;2850401;2861231;99;88;;;9;19;;;;;;;100;23;;0
647;3501;29;2870101;2951231;101;84;;;9;20;;;;;;;;;;0
648;3501;29;2960101;3240918;99;86;85;;22;21;20;;;;;;100;24;;0
649;3501;29;3240919;3361231;83;99;86;85;9;22;21;20;;;;;;;;0
650;3501;29;3370101;3391231;87;86;85;;22;21;20;;;;;;100;25;;0
651;3501;29;3400101;3500117;87;86;85;;22;21;20;;;;;;100;23;;0
652;3501;29;3500118;3530810;99;87;86;85;9;22;21;20;;;;;;;;0
653;3501;29;3530811;3640327;83;87;86;85;9;22;21;20;;;;;;;;0
654;3501;29;3640328;3790118;99;87;86;85;9;22;21;20;;;;;100;23;;0
655;3501;29;3790119;3861231;99;87;86;85;9;22;21;20;;;;;100;25;;0
656;3501;29;3870101;3911231;99;87;86;85;9;22;21;20;;;;;100;23;;0
657;3501;29;3920101;3950117;83;87;86;85;9;22;21;20;;;;;;;;0
658;3501;29;3950118;4241231;99;87;86;85;9;22;21;20;;;;;;;;0
659;3501;53;4250101;4541231;114;;;;1;;;;1;;;;;;;0
660;3501;54;4550101;5001231;115;;;;1;;;;1;;;;;;;0
661;377;33;1970101;2850331;83;88;;;9;19;;;;;;;;;;0
662;377;33;2850401;2861231;99;88;;;9;19;;;;;;;100;23;;0
663;377;33;2870101;2891231;101;84;;;9;20;;;;;;;;;;0
664;377;55;2900101;2951231;101;84;;;9;20;;;;;;;;;;0
665;377;55;2960101;3240918;99;86;89;;22;21;20;;;;;;100;24;;0
666;377;55;3240919;3361231;83;99;86;89;9;22;21;20;;;;;;;;0
667;377;55;3370101;3391231;87;86;89;;22;21;20;;;;;;100;25;;0
668;377;55;3400101;3500117;87;86;89;;22;21;20;;;;;;100;23;;0
669;377;55;3500118;3530810;99;87;86;89;9;22;21;20;;;;;;;;0
670;377;55;3530811;3640327;83;87;86;89;9;22;21;20;;;;;;;;0
671;377;55;3640328;3790118;99;87;86;89;9;22;21;20;;;;;100;23;;0
672;377;55;3790119;3821231;99;87;86;89;9;22;21;20;;;;;100;25;;0
673;377;56;3830101;4691231;117;;;;1;;;;;;;;;;;0
674;377;56;4700101;5001231;118;;;;2;;;;;;;;;;;0
675;253;46;3820101;4041231;116;;;;1;;;;;;;;;;;0
676;253;46;4050101;4191231;119;;;;1;;;;;;;;;;;0
677;407;57;790101;1961231;83;84;;;9;19;;;;;;;;;;0
678;407;57;1970101;2850331;83;88;;;9;19;;;;;;;;;;0
679;407;57;2850401;2861231;99;88;;;9;19;;;;;;;100;23;;0
680;407;57;2870101;2951231;101;84;;;9;20;;;;;;;;;;0
681;407;57;2960101;3240918;99;86;89;;22;21;20;;;;;;100;24;;0
682;407;57;3240919;3361231;83;99;86;89;9;22;21;20;;;;;;;;0
683;407;57;3370101;3391231;87;86;89;;22;21;20;;;;;;100;25;;0
684;407;57;3400101;3500117;87;86;89;;22;21;20;;;;;;100;23;;0
685;407;57;3500118;3530810;99;87;86;89;9;22;21;20;;;;;;;;0
686;407;57;3530811;3640327;83;87;86;89;9;22;21;20;;;;;;;;0
687;407;57;3640328;3790118;99;87;86;89;9;22;21;20;;;;;100;23;;0
688;407;57;3790119;3811231;99;87;86;89;9;22;21;20;;;;;100;25;;0
689;407;57;3820101;4201231;116;;;;1;;;;1;;;;;;;0
690;407;58;4210101;5001231;120;;;;1;;;;;;;;;;;0
691;3205;59;700101;1961231;83;84;;;9;19;;;;;;;;;;0
692;3205;59;1970101;2850331;83;97;;;9;19;;;;;;;;;;0
693;3205;59;2850401;2861231;99;97;;;9;19;;;;;;;100;23;;0
694;3205;59;2870101;2951231;101;84;;;9;20;;;;;;;;;;0
695;3205;59;2960101;3240918;99;86;98;;22;21;20;;;;;;100;24;;0
696;3205;59;3240919;3361231;83;99;86;98;9;22;21;20;;;;;;;;0
697;3205;59;3370101;3391231;87;86;98;;22;21;20;;;;1;;100;25;;0
698;3205;59;3400101;3500117;87;86;98;;22;21;20;;;;1;;100;23;;0
699;3205;59;3500118;3530810;99;87;86;98;9;22;21;20;;;;;;;;0
700;3205;59;3530811;3640327;83;87;86;98;9;22;21;20;;;;;;;;0
701;3205;59;3640328;3790118;99;87;86;98;9;22;21;20;;;;;100;23;;0
702;3205;59;3790119;3861231;99;87;86;98;9;22;21;20;;;;;100;25;;0
703;3205;59;3870101;3911231;99;87;86;98;9;22;21;20;;;;;100;23;;0
704;3205;59;3920101;3950117;83;87;86;98;9;22;21;20;;;;;;;;0
705;3205;59;3950118;4091231;99;87;86;98;9;22;21;20;;;;;;;;0
706;3205;59;4100101;4491231;104;;;;1;;;;;;;;;;;0
707;3205;60;4500101;5001231;103;;;;1;;;;;;;;;;;0
708;9458;12;1970101;2850331;83;88;;;9;19;;;;;;;;;;0
709;9458;12;2850401;2861231;99;88;;;9;19;;;;;;;100;23;;0
710;9458;12;2870101;2951231;101;84;;;9;20;;;;;;;;;;0
711;9458;12;2960101;3240918;99;86;85;;22;21;20;;;;;;100;24;;0
712;9458;12;3240919;3361231;83;99;86;85;9;22;21;20;;;;;;;;0
713;9458;12;3370101;3391231;87;86;85;;22;21;20;;;;;;100;25;;0
714;9458;12;3400101;3500117;87;86;85;;22;21;20;;;;;;100;23;;0
715;9458;12;3500118;3530810;99;87;86;85;9;22;21;20;;;;;;;;0
716;9458;12;3530811;3640327;83;87;86;85;9;22;21;20;;;;;;;;0
717;9458;12;3640328;3790118;99;87;86;85;9;22;21;20;;;;;100;23;;0
718;9458;12;3790119;3861231;99;87;86;85;9;22;21;20;;;;;100;25;;0
719;9458;12;3870101;3911231;99;87;86;85;9;22;21;20;;;;;100;23;;0
720;9458;12;3920101;3950117;83;87;86;85;9;22;21;20;;;;;;;;0
721;9458;12;3950118;4241231;99;87;86;85;9;22;21;20;;;;;;;;0
722;9458;12;4250101;4761231;121;;;;1;;;;1;;;;;;;0
723;9458;61;4770101;5001231;122;;;;1;;;;;;;;;;;0
724;6221;34;1970101;2850331;83;88;;;9;19;;;;;;;;;;0
725;6221;9;2850401;2861231;99;88;;;9;19;;;;;;;100;23;;0
726;6221;9;2870101;2951231;101;84;;;9;20;;;;;;;;;;0
727;6221;34;2960101;3240918;99;86;89;;22;21;20;;;;1;;100;24;;0
728;6221;34;3240919;3361231;83;99;86;89;9;22;21;20;;;;1;;;;0
729;6221;34;3370101;3391231;87;86;89;;22;21;20;;;;1;;100;25;;0
730;6221;34;3400101;3500117;87;86;89;;22;21;20;;;;1;;100;23;;0
731;6221;34;3500118;3530810;99;87;86;89;9;22;21;20;;;;1;;;;0
732;6221;34;3530811;3640327;83;87;86;89;9;22;21;20;;;;1;;;;0
733;6221;34;3640328;3790118;99;87;86;89;9;22;21;20;;;;1;100;23;;0
734;6221;34;3790119;3861231;99;87;86;89;9;22;21;20;;;;1;100;25;;0
735;6221;34;3870101;3911231;99;87;86;89;9;22;21;20;;;;1;100;23;;0
736;6221;34;3920101;3950117;83;87;86;89;9;22;21;20;;;;1;;;;0
737;6221;34;3950118;4091231;99;87;86;89;9;22;21;20;;;;1;;;;0
739;3369;43;4100101;5001231;123;;;;1;;;;;;;;;;;0
740;6221;62;4100101;5001231;123;;;;1;;;;;;;;;;;0
742;221;8;3370101;3391231;87;86;85;;22;21;20;;;;;;100;25;;0
743;221;7;3400101;3500117;87;86;85;;22;21;20;;;;;;100;23;;0
744;221;7;3500118;3530810;99;87;86;85;9;22;21;20;;;;;;;;0
745;221;7;3530811;3640327;83;87;86;85;9;22;21;20;;;;;;;;0
746;221;7;3640328;3790118;99;87;86;85;9;22;21;20;;;;;100;23;;0
747;221;7;3790119;3861231;99;87;86;85;9;22;21;20;;;;;100;25;;0
748;221;7;3870101;3911231;99;87;86;85;9;22;21;20;;;;;100;23;;0
749;221;7;3920101;3950117;83;87;86;85;9;22;21;20;;;;;;;;0
750;221;7;3950118;4091231;99;87;86;85;9;22;21;20;;;;;;;;0
751;221;63;4100101;5001231;90;;;;1;;;;1;;;;;;;0
752;9364;9;1970101;2850331;83;88;;;9;19;;;;;;;;;;0
753;9364;9;2870101;2951231;101;84;;;9;20;;;;;;;;;;0
754;9364;9;2960101;3240918;99;86;89;;22;21;20;;;;;;100;24;;0
755;9364;9;3240919;3361231;83;99;86;89;9;22;21;20;;;;;;;;0
756;9364;9;3370101;3391231;87;86;89;;22;21;20;;;;;;100;25;;0
757;9364;9;3400101;3500117;87;86;89;;22;21;20;;;;;;100;23;;0
758;9364;9;3500118;3530810;99;87;86;89;9;22;21;20;;;;;;;;0
759;9364;9;3530811;3640327;83;87;86;89;9;22;21;20;;;;;;;;0
760;9364;9;3640328;3790118;99;87;86;89;9;22;21;20;;;;;100;23;;0
761;9364;9;3790119;3811231;99;87;86;89;9;22;21;20;;;;;100;25;;0
762;9364;6;3820101;4001231;110;;;;1;;;;;;;;;;;0
763;9364;6;4010101;5001231;111;;;;1;;;;;;;;;;;0
764;11382;64;610101;1961231;83;84;;;9;19;;;;;;;;;;0
765;11382;64;1970101;2850331;83;97;;;9;19;;;;;;;;;;0
766;11382;64;2850401;2861231;99;97;;;9;19;;;;;;;100;23;;0
767;11382;64;2870101;2951231;101;84;;;9;20;;;;;;;;;;0
768;11382;64;2960101;3240918;99;86;105;;22;21;20;;;;;;100;24;;0
769;11382;64;3240919;3361231;83;99;86;105;9;22;21;20;;;;;;;;0
770;11382;64;3370101;3391231;87;86;105;;22;21;20;;;;;;100;25;;0
771;11382;64;3400101;3500117;87;86;105;;22;21;20;;;;;;100;23;;0
772;11382;64;3500118;3530810;99;87;86;105;9;22;21;20;;;;;;;;0
773;11382;64;3530811;3640327;83;87;86;105;9;22;21;20;;;;;;;;0
774;11382;64;3640328;3790118;99;87;86;105;9;22;21;20;;;;;100;23;;0
775;11382;64;3790119;3861231;99;87;86;105;9;22;21;20;;;;;100;25;;0
776;11382;64;3870101;3911231;99;87;86;105;9;22;21;20;;;;;100;23;;0
777;11382;64;3950118;4091231;99;87;86;105;9;22;21;20;;;;;;;;0
778;11382;64;4100101;4491231;104;;;;1;;;;;;;;;;;0
779;11382;65;4500101;4691231;103;;;;1;;;;;;;;;;;0
780;11382;66;4700101;5001231;124;;;;1;;;;1;;;;;;;0
781;3463;26;1970101;2850331;83;88;;;9;19;;;;;;;;;;0
782;3463;26;2850401;2861231;99;88;;;9;19;;;;;;;100;23;;0
783;3463;26;2870101;2951231;101;84;;;9;20;;;;;;;;;;0
784;3463;26;2960101;3240918;99;86;89;;22;21;20;;;;;;100;24;;0
785;3463;26;3240919;3361231;83;99;86;89;9;22;21;20;;;;;;;;0
786;3463;26;3370101;3391231;87;86;89;;22;21;20;;;;;;100;25;;0
787;3463;26;3400101;3500117;87;86;89;;22;21;20;;;;;;100;23;;0
788;3463;26;3500118;3530810;99;87;86;89;9;22;21;20;;;;;;;;0
789;3463;26;3530811;3640327;83;87;86;89;9;22;21;20;;;;;;;;0
790;3463;26;3640328;3790118;99;87;86;89;9;22;21;20;;;;;100;23;;0
791;3463;26;3790119;3861231;99;87;86;89;9;22;21;20;;;;;100;25;;0
792;3463;26;3870101;3911231;99;87;86;89;9;22;21;20;;;;;100;23;;0
793;3463;26;3920101;3950117;83;87;86;89;9;22;21;20;;;;;;;;0
794;3463;26;3950118;3991231;99;87;86;89;9;22;21;20;;;;;;;;0
795;3463;67;4000101;5001231;125;;;;1;;;;;;;;;;;0
796;9484;68;4100101;5001231;123;;;;1;;;;;;;;;;;0
797;11270;6;-7000101;781231;36;;;;3;;;;;;;;;;;0
798;11270;69;790101;1961231;83;84;;;9;19;;;;;;;;;;0
799;11270;69;1970101;2850331;83;97;;;9;19;;;;;;;;;;0
800;11270;69;2850401;2861231;99;97;;;9;19;;;;;;;100;23;;0
801;11270;69;2870101;2951231;101;84;;;9;20;;;;;;;;;;0
802;11270;69;2960101;3240918;99;86;105;;22;21;20;;;;;;100;24;;0
803;11270;69;3240919;3361231;83;99;86;105;9;22;21;20;;;;;;;;0
804;11270;69;3370101;3391231;87;86;105;;22;21;20;;;;;;100;25;;0
805;11270;69;3400101;3500117;87;86;105;;22;21;20;;;;;;100;23;;0
806;11270;69;3500118;3530810;99;87;86;105;9;22;21;20;;;;;;;;0
807;11270;69;3530811;3640327;83;87;86;105;9;22;21;20;;;;;;;;0
808;11270;69;3640328;3790118;99;87;86;105;9;22;21;20;;;;;100;23;;0
809;11270;69;3790119;3861231;99;87;86;105;9;22;21;20;;;;;100;25;;0
810;11270;69;3870101;3911231;99;87;86;105;9;22;21;20;;;;;100;23;;0
811;11270;69;3950118;4091231;99;87;86;105;9;22;21;20;;;;;;;;0
812;11270;69;4100101;4191231;104;;;;1;;;;;;;;;;;0
813;11270;70;4200101;5001231;126;;;;1;;;;1;;;;;;;0
814;13266;13;1970101;2850331;83;88;;;9;19;;;;;;;;;;0
815;13266;13;2870101;2951231;101;84;;;9;20;;;;;;;;;;0
816;13266;13;2850401;2861231;99;88;;;9;19;;;;;;;100;23;;0
817;13266;13;2960101;3240918;99;86;89;;22;21;20;;;;;;100;24;;0
818;13266;13;3240919;3361231;83;99;86;89;9;22;21;20;;;;;;;;0
819;13266;13;3370101;3391231;87;86;89;;22;21;20;;;;;;100;25;;0
820;13266;13;3400101;3500117;87;86;89;;22;21;20;;;;;;100;23;;0
821;13266;13;3500118;3530810;99;87;86;89;9;22;21;20;;;;;;;;0
822;13266;13;3530811;3640327;83;87;86;89;9;22;21;20;;;;;;;;0
823;13266;13;3640328;3790118;99;87;86;89;9;22;21;20;;;;;100;23;;0
824;13266;13;3790119;3861231;99;87;86;89;9;22;21;20;;;;;100;25;;0
825;13266;13;3870101;3911231;99;87;86;89;9;22;21;20;;;;;100;23;;0
826;13266;13;3920101;3950117;83;87;86;89;9;22;21;20;;;;;;;;0
827;13266;13;3950118;3991231;99;87;86;89;9;22;21;20;;;;;;;;0
828;13266;71;4000101;5001231;125;;;;1;;;;1;;;;;;;0
829;6378;19;430101;1961231;83;84;;;9;19;;;;;;;;;;0
830;6378;19;1970101;2850331;83;88;;;9;19;;;;;;;;;;0
831;6378;19;2850401;2861231;99;88;;;9;19;;;;;;;100;23;;0
832;6378;19;2870101;2951231;101;84;;;9;20;;;;;;;;;;0
833;6378;19;2960101;3240918;99;86;89;;22;21;20;;;;;;100;24;;0
834;6378;19;3240919;3361231;83;99;86;89;9;22;21;20;;;;;;;;0
835;6378;19;3370101;3391231;87;86;89;;22;21;20;;;;;;100;25;;0
836;6378;19;3400101;3500117;87;86;89;;22;21;20;;;;;;100;23;;0
837;6378;19;3500118;3530810;99;87;86;89;9;22;21;20;;;;;;;;0
838;6378;19;3530811;3640327;83;87;86;89;9;22;21;20;;;;;;;;0
839;6378;19;3640328;3790118;99;87;86;89;9;22;21;20;;;;;100;23;;0
840;6378;19;3790119;3861231;99;87;86;89;9;22;21;20;;;;;100;25;;0
841;6378;19;3870101;3911231;99;87;86;89;9;22;21;20;;;;;100;23;;0
842;6378;19;3920101;3950117;83;87;86;89;9;22;21;20;;;;;;;;0
843;6378;19;3950118;4091231;99;87;86;89;9;22;21;20;;;;;;;;0
844;6378;72;4100101;5001231;123;;;;1;;;;;;;;;;;0
845;3241;73;1970101;2850331;83;88;;;9;19;;;;;;;;;;0
846;3241;73;2850401;2861231;99;88;;;9;19;;;;;;;100;23;;0
847;3241;73;2870101;2951231;101;84;;;9;20;;;;;;;;;;0
848;3241;73;2960101;3240918;99;86;89;;22;21;20;;;;;;100;24;;0
849;3241;73;3240919;3361231;83;99;86;89;9;22;21;20;;;;;;;;0
850;3241;73;3370101;3391231;87;86;89;;22;21;20;;;;;;100;25;;0
851;3241;73;3400101;3500117;87;86;89;;22;21;20;;;;;;100;23;;0
852;3241;73;3500118;3530810;99;87;86;89;9;22;21;20;;;;;;;;0
853;3241;73;3530811;3640327;83;87;86;89;9;22;21;20;;;;;;;;0
854;3241;73;3640328;3790118;99;87;86;89;9;22;21;20;;;;;100;23;;0
855;3241;73;3790119;3861231;99;87;86;89;9;22;21;20;;;;;100;25;;0
856;3241;73;3870101;3911231;99;87;86;89;9;22;21;20;;;;;100;23;;0
857;3241;73;3920101;3950117;83;87;86;89;9;22;21;20;;;;;;;;0
858;3241;73;3950118;4091231;99;87;86;89;9;22;21;20;;;;;;;;0
859;3241;74;4100101;5001231;127;;;;1;;;;;;;;;;;0
860;11279;20;1970101;2850331;83;97;;;9;19;;;;;;;;;;0
861;11279;20;2850401;2861231;99;97;;;9;19;;;;;;;100;23;;0
862;11279;20;2870101;2951231;101;84;;;9;20;;;;;;;;;;0
863;11279;20;2960101;3240918;99;86;98;;22;21;20;;;;;;100;24;;0
864;11279;20;3240919;3361231;83;99;86;98;9;22;21;20;;;;;;;;0
865;11279;20;3370101;3391231;87;86;98;;22;21;20;;;;;;100;25;;0
866;11279;20;3400101;3500117;87;86;98;;22;21;20;;;;;;100;23;;0
867;11279;20;3500118;3530810;99;87;86;98;9;22;21;20;;;;;;;;0
868;11279;20;3530811;3640327;83;87;86;98;9;22;21;20;;;;;;;;0
869;11279;20;3640328;3790118;99;87;86;98;9;22;21;20;;;;;100;23;;0
870;11279;20;3790119;3861231;99;87;86;98;9;22;21;20;;;;;100;25;;0
871;11279;20;3870101;3911231;99;87;86;98;9;22;21;20;;;;;100;23;;0
872;11279;20;3920101;3950117;83;87;86;98;9;22;21;20;;;;;;;;0
873;11279;20;3950118;4541231;99;87;86;98;9;22;21;20;;;;;;;;0
874;11279;75;4550101;5001231;128;;;;1;;;;1;;;;;;;0
875;11345;76;520101;1961231;83;84;;;9;19;;;;;;;;;;0
876;11345;76;1970101;2850331;83;97;;;9;19;;;;;;;;;;0
877;11345;76;2850401;2861231;99;97;;;9;19;;;;;;;100;23;;0
878;11345;76;2870101;2951231;101;84;;;9;20;;;;;;;;;;0
879;11345;76;2960101;3240918;99;86;98;;22;21;20;;;;;;100;24;;0
880;11345;76;3240919;3361231;83;99;86;98;9;22;21;20;;;;;;;;0
881;11345;76;3370101;3391231;87;86;98;;22;21;20;;;;;;100;25;;0
882;11345;76;3400101;3500117;87;86;98;;22;21;20;;;;;;100;23;;0
883;11345;76;3500118;3530810;99;87;86;98;9;22;21;20;;;;;;;;0
884;11345;76;3530811;3640327;83;87;86;98;9;22;21;20;;;;;;;;0
885;11345;76;3640328;3790118;99;87;86;98;9;22;21;20;;;;;100;23;;0
886;11345;76;3790119;3861231;99;87;86;98;9;22;21;20;;;;;100;25;;0
887;11345;76;3870101;3911231;99;87;86;98;9;22;21;20;;;;;100;23;;0
888;11345;76;3920101;3950117;83;87;86;98;9;22;21;20;;;;;;;;0
889;11345;76;3950118;4091231;99;87;86;98;9;22;21;20;;;;;;;;0
890;11345;77;4100101;5001231;127;;;;1;;;;;;;;;;;0
891;6103;30;1970101;2850331;83;88;;;9;19;;;;1;;;;;;0
892;6103;30;2850401;2861231;99;88;;;9;19;;;;1;;;100;23;;0
893;6103;30;2870101;2951231;101;84;;;9;20;;;;;;;;;;0
894;6103;30;2960101;3240918;99;86;85;;22;21;20;;;1;1;;100;24;;0
895;6103;30;3240919;3361231;83;99;86;85;9;22;21;20;;;1;1;;;;0
896;6103;30;3370101;3391231;87;86;85;;22;21;20;;;1;1;;100;25;;0
897;6103;30;3400101;3500117;87;86;85;;22;21;20;;;1;1;;100;23;;0
898;6103;30;3500118;3530810;99;87;86;85;9;22;21;20;;;1;1;;;;0
899;6103;30;3530811;3640327;83;87;86;85;9;22;21;20;;;1;1;;;;0
900;6103;30;3640328;3790118;99;87;86;85;9;22;21;20;;;1;1;100;23;;0
901;6103;30;3790119;3861231;99;87;86;85;9;22;21;20;;;1;1;100;25;;0
902;6103;30;3870101;3911231;99;87;86;85;9;22;21;20;;;1;1;100;23;;0
903;6103;30;3920101;3950117;83;87;86;85;9;22;21;20;;;1;1;;;;0
904;6103;30;3950118;4241231;99;87;86;85;9;22;21;20;;;1;1;;;;0
905;6103;78;4250101;5001231;129;;;;1;;;;1;;;;;;;0
906;6318;79;790101;1961231;83;84;;;9;19;;;;;;;;;;0
907;6318;79;1970101;2850331;83;97;;;9;19;;;;;;;;;;0
908;6318;79;2850401;2861231;99;97;;;9;19;;;;;;;100;23;;0
909;6318;79;2870101;2951231;101;84;;;9;20;;;;;;;;;;0
910;6318;79;2960101;3240918;99;86;105;;22;21;20;;;;;;100;24;;0
911;6318;79;3240919;3361231;83;99;86;105;9;22;21;20;;;;;;;;0
912;6318;79;3370101;3391231;87;86;105;;22;21;20;;;;;;100;25;;0
913;6318;79;3400101;3500117;87;86;105;;22;21;20;;;;;;100;23;;0
914;6318;79;3500118;3530810;99;87;86;105;9;22;21;20;;;;;;;;0
915;6318;79;3530811;3640327;83;87;86;105;9;22;21;20;;;;;;;;0
916;6318;79;3640328;3790118;99;87;86;105;9;22;21;20;;;;;100;23;;0
917;6318;79;3790119;3861231;99;87;86;105;9;22;21;20;;;;;100;25;;0
918;6318;79;3870101;3911231;99;87;86;105;9;22;21;20;;;;;100;23;;0
919;6318;79;3950118;4091231;99;87;86;105;9;22;21;20;;;;;;;;0
920;6318;79;4100101;4491231;104;;;;1;;;;;;;;;;;0
921;6318;80;4500101;5001231;103;;;;1;;;;;;;;;;;0
922;322;32;1970101;2850331;83;88;;;9;19;;;;;;;;;;0
924;322;32;3240919;3361231;83;99;86;85;9;22;21;20;;;;;;;;0
925;322;32;3370101;3391231;87;86;85;;22;21;20;;;;;;100;25;;0
926;322;32;3400101;3500117;87;86;85;;22;21;20;;;;;;100;23;;0
927;322;32;3500118;3530810;99;87;86;85;9;22;21;20;;;;;;;;0
928;322;32;3530811;3640327;83;87;86;85;9;22;21;20;;;;;;;;0
929;322;32;3640328;3790118;99;87;86;85;9;22;21;20;;;;;100;23;;0
930;322;32;3790119;3861231;99;87;86;85;9;22;21;20;;;;;100;25;;0
931;322;32;3870101;3911231;99;87;86;85;9;22;21;20;;;;;100;23;;0
932;322;32;3920101;3950117;83;87;86;85;9;22;21;20;;;;;;;;0
933;322;32;3950118;4091231;99;87;86;85;9;22;21;20;;;;;;;;0
934;322;81;4100101;5001231;130;;;;1;;;;1;;;;;;;0
935;6351;28;1970101;2850331;83;88;;;9;19;;;;;;;;;;0
936;6351;28;2850401;2861231;99;88;;;9;19;;;;;;;100;23;;0
937;6351;28;2870101;2951231;101;84;;;9;20;;;;;;;;;;0
938;6351;28;2960101;3240918;99;86;89;;22;21;20;;;;;;100;24;;0
939;6351;28;3240919;3361231;83;99;86;89;9;22;21;20;;;;;;;;0
940;6351;28;3370101;3391231;87;86;89;;22;21;20;;;;;;100;25;;0
941;6351;28;3400101;3500117;87;86;89;;22;21;20;;;;;;100;23;;0
942;6351;28;3500118;3530810;99;87;86;89;9;22;21;20;;;;;;;;0
943;6351;28;3530811;3640327;83;87;86;89;9;22;21;20;;;;;;;;0
944;6351;28;3640328;3790118;99;87;86;89;9;22;21;20;;;;;100;23;;0
945;6351;28;3790119;3861231;99;87;86;89;9;22;21;20;;;;;100;25;;0
946;6351;28;3870101;3911231;99;87;86;89;9;22;21;20;;;;;100;23;;0
947;6351;28;3920101;3950117;83;87;86;89;9;22;21;20;;;;;;;;0
948;6351;28;3950118;4091231;99;87;86;89;9;22;21;20;;;;;;;;0
949;6351;82;4100101;5001231;131;;;;1;;;;;;;;;;;0
950;3301;22;1970101;2850331;83;88;;;9;19;;;;;;;;;;0
951;3301;22;2870101;2951231;101;84;;;9;20;;;;;;;;;;0
952;3301;22;2960101;3240918;99;86;89;;22;21;20;;;;;;100;24;;0
953;3301;22;3240919;3361231;83;99;86;89;9;22;21;20;;;;;;;;0
954;3301;22;3370101;3391231;87;86;89;;22;21;20;;;;;;100;25;;0
955;3301;22;3400101;3500117;87;86;89;;22;21;20;;;;;;100;23;;0
956;3301;22;3500118;3530810;99;87;86;89;9;22;21;20;;;;;;;;0
957;3301;22;3530811;3640327;83;87;86;89;9;22;21;20;;;;;;;;0
958;3301;22;3640328;3790118;99;87;86;89;9;22;21;20;;;;;100;23;;0
959;3301;22;3790119;3861231;99;87;86;89;9;22;21;20;;;;;100;25;;0
960;3301;22;3870101;3911231;99;87;86;;9;22;21;20;;;;;100;23;;0
961;3301;22;3920101;3950117;83;87;86;;9;22;21;20;;;;;;;;0
962;3301;22;3950118;4091231;99;87;86;;9;22;21;20;;;;;;;;0
963;3301;83;4100101;5001231;127;;;;1;;;;1;;;;;;;0
964;6489;27;1970101;2850331;83;88;;;9;19;;;;;;;;;;0
965;6489;27;2850401;2861231;99;88;;;9;19;;;;;;;100;23;;0
966;6489;27;2870101;2951231;101;84;;;9;20;;;;;;;;;;0
967;6489;9;2960101;3240918;99;86;89;;22;21;20;;;;;;100;24;;0
968;6489;27;3240919;3361231;83;99;86;89;9;22;21;20;;;;;;;;0
969;6489;27;3370101;3391231;87;86;89;;22;21;20;;;;;;100;25;;0
970;6489;27;3400101;3500117;87;86;89;;22;21;20;;;;;;100;23;;0
971;6489;27;3500118;3530810;99;87;86;89;9;22;21;20;;;;;;;;0
972;6489;27;3530811;3640327;83;87;86;89;9;22;21;20;;;;;;;;0
973;6489;27;3640328;3790118;99;87;86;89;9;22;21;20;;;;;100;23;;0
974;6489;27;3790119;3861231;99;87;86;89;9;22;21;20;;;;;100;25;;0
975;6489;27;3870101;3911231;99;87;86;89;9;22;21;20;;;;;100;23;;0
976;6489;27;3920101;3950117;83;87;86;89;9;22;21;20;;;;;;;;0
977;6489;27;3950118;4091231;99;87;86;89;9;22;21;20;;;;;;;;0
978;507;18;1970101;2850331;83;88;;;9;19;;;;;;;;;;0
979;507;18;2850401;2861231;99;88;;;9;19;;;;;;;100;23;;0
980;507;18;2870101;2951231;101;84;;;9;20;;;;;;;;;;0
981;507;18;2960101;3240918;99;86;85;;22;21;20;;;;;;100;24;;0
982;507;18;3240919;3361231;83;99;86;85;9;22;21;20;;;;;;;;0
983;507;18;3370101;3391231;87;86;85;;22;21;20;;;;;;100;25;;0
984;507;18;3400101;3500117;87;86;85;;22;21;20;;;;;;100;23;;0
985;507;18;3500118;3530810;99;87;86;85;9;22;21;20;;;;;;;;0
986;507;18;3530811;3640327;83;87;86;85;9;22;21;20;;;;;;;;0
987;507;18;3640328;3790118;99;87;86;85;9;22;21;20;;;;;100;23;;0
988;507;18;3790119;3861231;99;87;86;85;9;22;21;20;;;;;100;25;;0
989;507;18;3870101;3911231;99;87;86;85;9;22;21;20;;;;;100;23;;0
990;507;18;3920101;3950117;83;87;86;85;9;22;21;20;;;;;;;;0
991;507;18;3950118;4091231;99;87;86;85;9;22;21;20;;;;;;;;0
992;507;84;4100101;5001231;132;;;;1;;;;1;;;;;;;0
993;9239;16;1970101;2850331;83;88;;;9;19;;;;;;;;;;0
995;9239;16;3240919;3361231;83;99;86;85;9;22;21;20;;;;;;;;0
996;9239;16;3370101;3391231;87;86;85;;22;21;20;;;;;;100;25;;0
997;9239;16;3400101;3500117;87;86;85;;22;21;20;;;;;;100;23;;0
998;9239;16;3500118;3530810;99;87;86;85;9;22;21;20;;;;;;;;0
999;9239;16;3530811;3640327;83;87;86;85;9;22;21;20;;;;;;;;0
1000;9239;16;3640328;3790118;99;87;86;85;9;22;21;20;;;;;100;23;;0
1001;9239;16;3790119;3861231;99;87;86;85;9;22;21;20;;;;;100;25;;0
1002;9239;16;3870101;3911231;99;87;86;85;9;22;21;20;;;;;100;23;;0
1003;9239;16;3920101;3950117;83;87;86;85;9;22;21;20;;;;;;;;0
1004;9239;16;3950118;4791231;99;87;86;85;9;22;21;20;;;;;;;;0
1005;9239;85;4800101;5001231;113;;;;1;;;;1;;;;;;;0
1006;6489;86;4100101;5001231;131;;;;1;;;;1;;;;;;;0
1007;7239;87;520101;1961231;83;84;;;9;19;;;;;;;;;;0
1008;7239;87;1970101;2850331;83;88;;;9;19;;;;;;;;;;0
1009;7239;87;2850401;2861231;99;88;;;9;19;;;;;;;100;23;;0
1010;7239;87;2870101;2951231;101;84;;;9;20;;;;;;;;;;0
1011;7239;87;2960101;3240918;99;86;89;;22;21;20;;;;;;100;24;;0
1012;7239;87;3240919;3361231;83;99;86;89;9;22;21;20;;;;;;;;0
1013;7239;87;3370101;3391231;87;86;89;;22;21;20;;;;;;100;25;;0
1014;7239;87;3400101;3500117;87;86;89;;22;21;20;;;;;;100;23;;0
1015;7239;87;3500118;3530810;99;87;86;89;9;22;21;20;;;;;;;;0
1016;7239;87;3530811;3640327;83;87;86;89;9;22;21;20;;;;;;;;0
1017;7239;87;3640328;3790118;99;87;86;89;9;22;21;20;;;;;100;23;;0
1018;7239;87;3790119;3861231;99;87;86;89;9;22;21;20;;;;;100;25;;0
1019;7239;87;3870101;3911231;99;87;86;89;9;22;21;20;;;;;100;23;;0
1020;7239;87;3920101;3950117;83;87;86;89;9;22;21;20;;;;;;;;0
1021;7239;87;3950118;4091231;99;87;86;89;9;22;21;20;;;;;;;;0
1022;7239;88;4100101;5001231;127;;;;1;;;;;;;;;;;0
1023;9269;24;1970101;2850331;83;97;;;9;19;;;;1;;;;;;0
1024;9269;24;2850401;2861231;99;97;;;9;19;;;;1;;;100;23;;0
1025;9269;24;2870101;2951231;101;84;;;9;20;;;;;;;;;;0
1026;9269;24;2960101;3240918;99;86;105;;22;21;20;;;;1;;100;24;;0
1027;9269;24;3240919;3361231;83;99;86;105;9;22;21;20;;;;1;;;;0
1028;9269;24;3370101;3391231;87;86;105;;22;21;20;;;;1;;100;25;;0
1029;9269;24;3400101;3500117;87;86;105;;22;21;20;;;;1;;100;23;;0
1030;9269;24;3500118;3530810;99;87;86;105;9;22;21;20;;;;1;;;;0
1031;9269;24;3530811;3640327;83;87;86;105;9;22;21;20;;;;1;;;;0
1032;9269;24;3640328;3790118;99;87;86;105;9;22;21;20;;;;1;100;23;;0
1033;9269;24;3790119;3861231;99;87;86;105;9;22;21;20;;;;1;100;25;;0
1034;9269;24;3870101;3911231;99;87;86;105;9;22;21;20;;;;1;100;23;;0
1035;9269;24;3950118;4091231;99;87;86;105;9;22;21;20;;;;1;;;;0
1036;9269;24;4100101;4491231;104;;;;1;;;;;;;;;;;0
1037;9269;89;4500101;5001231;106;;;;1;;;;;;;;;;;0
1038;6489;10;-7000101;-550101;56;;;;3;;;;;;;;;;;0
1039;6489;10;-541231;421231;53;;;;3;;;;;;;;;;;0
1040;9458;10;-7000101;-550101;56;;;;3;;;;;;;;;;;0
1041;11333;6;-541231;421231;54;;;;3;;;;;;;;;;;0
1042;11446;10;-7000101;-550101;56;;;;3;;;;;;;;;;;0
1043;6351;10;-7000101;-550101;56;;;;3;;;;;;;;;;;0
1044;6351;10;-541231;421231;53;;;;3;;;;;;;;;;;0
1046;3287;6;610101;611231;57;;;;1;;;;;;;;;;;0
1047;271;6;610101;611231;57;;;;1;;;;;;;;;;;0
1048;9562;6;780101;2850331;83;51;;;9;1;;;;;;;;;;0
1049;11361;9;790101;1961231;83;84;;;9;19;;;;;;;;;;0
1050;3274;9;790101;1961231;83;84;;;9;19;;;;;;;;;;0
1051;271;9;620101;1961231;83;84;;;9;19;;;;;;;;;;0
1052;3287;9;620101;1961231;83;84;;;9;19;;;;;;;;;;0
1053;219;9;790101;1961231;83;84;;;9;19;;;;;;;;;;0
1054;351;9;790101;1961231;83;84;;;9;19;;;;;;;;;;0
1055;6399;9;790101;1961231;83;84;;;9;19;;;;;;;;;;0
1056;9285;9;790101;1961231;83;84;;;9;19;;;;;;;;;;0
1057;11317;9;790101;1961231;83;84;;;9;19;;;;;;;;;;0
1058;9397;9;790101;1961231;83;84;;;9;19;;;;;;;;;;0
1059;6268;9;790101;1961231;83;84;;;9;19;;;;;;;;;;0
1060;9379;9;790101;1961231;83;84;;;9;19;;;;;;;;;;0
1061;9315;9;790101;1961231;83;84;;;9;19;;;;;;;;;;0
1062;6335;9;790101;1961231;83;84;;;9;19;;;;;;;;;;0
1063;6384;9;790101;1961231;83;84;;;9;19;;;;;;;;;;0
1064;11299;6;820101;2850331;83;70;;;9;1;;;;;;;;;;0
1066;11378;6;820101;2850331;83;70;;;9;1;;;;;;;;;;0
1068;9314;6;820101;2850331;83;69;;;9;1;;;;;;;;;;0
1070;11218;6;820101;2850331;83;69;;;9;1;;;;;;;;;;0
1072;9350;6;820101;2850331;83;68;;;9;1;;;;;;;;;;0
1074;6350;6;820101;2850331;83;68;;;9;1;;;;;;;;;;0
1076;9237;6;820101;1471231;83;71;;;9;1;;;;;;;;;;0
1077;9237;6;1480101;2001231;134;;;;1;;;;;;;;;;;0
1078;6320;6;820101;1471231;83;71;;;9;1;;;;;;;;;;0
1079;6320;6;1480101;2001231;134;;;;1;;;;;;;;;;;0
1080;6395;6;820101;1471231;83;71;;;9;1;;;;;;;;;;0
1081;6395;6;1480101;2001231;134;;;;1;;;;;;;;;;;0
1082;3273;6;820101;1471231;83;71;;;9;1;;;;;;;;;;0
1083;3273;6;1480101;2001231;134;;;;1;;;;;;;;;;;0
1084;9383;6;820101;1471231;83;71;;;9;1;;;;;;;;;;0
1085;9383;6;1480101;2001231;134;;;;1;;;;;;;;;;;0
1086;9392;6;820101;1471231;83;71;;;9;1;;;;;;;;;;0
1087;9392;6;1480101;2001231;134;;;;1;;;;;;;;;;;0
1088;3287;6;470101;601231;83;57;;;9;1;;;;;;;;;;0
1090;271;6;470101;601231;83;57;;;9;1;;;;;;;;;;0
1091;11333;6;430101;651231;83;54;;;9;1;;;;;;;;;;0
1092;9458;12;430101;651231;83;54;;;9;1;;;;1;;;;;;0
1093;11446;6;430101;651231;83;54;;;9;1;;;;;;;;;;0
1094;322;32;470101;601231;83;57;;;9;1;;;;1;;;;;;0
1095;322;32;610101;611231;57;;;;1;;;;1;;;;;;;0
1096;11406;6;780101;2850331;83;51;;;9;1;;;;;;;;;;0
1097;540;6;780101;2850331;83;51;;;9;1;;;;;;;;;;0
1098;6526;6;780101;2850331;83;51;;;9;1;;;;;;;;;;0
1099;11446;9;1970101;2850331;83;88;;;9;19;;;;;;;;;;0
1101;11333;9;1970101;2850331;83;88;;;9;19;;;;;;;;;;0
1102;13070;9;1970101;2850331;83;88;;;9;19;;;;;;;;;;0
1103;11471;9;1970101;2850331;83;88;;;9;19;;;;;;;;;;0
1104;271;9;1970101;2850331;83;88;;;9;19;;;;;;;;;;0
1105;3287;9;1970101;2850331;83;88;;;9;19;;;;;;;;;;0
1106;296;9;1970101;2850331;83;88;;;9;19;;;;;;;;;;0
1107;9268;9;1970101;2850331;83;88;;;9;19;;;;;;;;;;0
1108;11221;9;1970101;2850331;83;88;;;9;19;;;;;;;;;;0
1113;6301;9;1970101;2850331;83;88;;;9;19;;;;;;;;;;0
1114;311;9;1970101;2850331;83;88;;;9;19;;;;;;;;;;0
1115;3274;9;1970101;2850331;83;88;;;9;19;;;;;;;;;;0
1116;11361;9;1970101;2850331;83;88;;;9;19;;;;;;;;;;0
1117;9297;9;1970101;2850331;83;97;;;9;19;;;;;;;;;;0
1118;9322;9;1970101;2850331;83;97;;;9;19;;;;;;;;;;0
1119;351;9;1970101;2850331;83;97;;;9;19;;;;;;;;;;0
1120;9285;9;1970101;2850331;83;97;;;9;19;;;;;;;;;;0
1121;6399;9;1970101;2850331;83;97;;;9;19;;;;;;;;;;0
1122;11317;9;1970101;2850331;83;97;;;9;19;;;;;;;;;;0
1123;3353;9;1970101;2850331;83;97;;;9;19;;;;;;;;;;0
1124;364;9;1970101;2850331;83;97;;;9;19;;;;;;;;;;0
1125;6237;9;1970101;2850331;83;97;;;9;19;;;;;;;;;;0
1126;9315;9;1970101;2850331;83;97;;;9;19;;;;;;;;;;0
1127;9379;9;1970101;2850331;83;97;;;9;19;;;;;;;;;;0
1128;6268;9;1970101;2850331;83;97;;;9;19;;;;;;;;;;0
1129;9397;9;1970101;2850331;83;97;;;9;19;;;;;;;;;;0
1130;6335;9;1970101;2850331;83;97;;;9;19;;;;;;;;;;0
1131;6384;9;1970101;2850331;83;97;;;9;19;;;;;;;;;;0
1132;219;9;1970101;2850331;83;97;;;9;19;;;;;;;;;;0
1133;6385;6;1970101;2961231;133;;;;17;;;;;;;;;;;0
1134;159;6;1970101;2961231;133;;;;17;;;;;;;;;;;0
1135;11306;6;1970101;2961231;133;;;;17;;;;;;;;;;;0
1136;6300;6;1970101;2961231;133;;;;17;;;;;;;;;;;0
1137;284;6;1970101;2961231;133;;;;17;;;;;;;;;;;0
1138;3373;6;1970101;2961231;133;;;;17;;;;;;;;;;;0
1139;3150;6;1970101;2961231;94;;;;17;;;;;;;;;;;0
1140;11136;6;1970101;2961231;94;;;;17;;;;;;;;;;;0
1141;200;6;1970101;2961231;94;;;;17;;;;;;;;;;;0
1142;11055;6;1970101;2961231;94;;;;17;;;;;;;;;;;0
1143;11207;6;1970101;2961231;94;;;;17;;;;;;;;;;;0
1144;9161;6;1970101;2961231;94;;;;17;;;;;;;;;;;0
1145;11266;6;1970101;2961231;94;;;;17;;;;;;;;;;;0
1146;3178;6;1970101;2961231;94;;;;17;;;;;;;;;;;0
1147;6205;6;1970101;2961231;94;;;;17;;;;;;;;;;;0
1148;6104;6;1970101;2961231;94;;;;17;;;;;;;;;;;0
1149;3159;6;1970101;2961231;94;;;;17;;;;;;;;;;;0
1150;9090;6;1970101;2961231;94;;;;17;;;;;;;;;;;0
1151;131;6;1970101;2961231;94;;;;17;;;;;;;;;;;0
1152;11064;6;1970101;2961231;94;;;;17;;;;;;;;;;;0
1153;9075;6;1970101;2961231;94;;;;17;;;;;;;;;;;0
1154;11161;6;1970101;2961231;94;;;;17;;;;;;;;;;;0
1155;6046;6;1970101;2961231;94;;;;17;;;;;;;;;;;0
1156;6526;6;2850401;2861231;99;51;;;9;1;;;;;;;;;;0
1157;6526;6;2870101;2951231;101;51;;;9;1;;;;;;;;;;0
1158;6526;6;2960101;3240918;99;51;;;22;1;;;;;;;;;;0
1159;6526;6;3250101;3361231;83;51;;;9;1;;;;;;;;;;0
1160;6526;6;3370101;3500117;87;51;;;22;1;;;;;;;;;;0
1161;6526;6;3500118;3530810;99;51;;;9;1;;;;;;;;;;0
1162;6526;6;3530811;3640327;83;51;;;9;1;;;;;;;;;;0
1163;6526;6;3640328;3861231;99;51;;;9;1;;;;;;;;;;0
1164;11406;6;2870101;2951231;101;51;;;9;1;;;;;;;;;;0
1165;11406;6;2960101;3240918;99;51;;;22;1;;;;;;;;;;0
1166;11406;6;3250101;3361231;83;51;;;9;1;;;;;;;;;;0
1167;11406;6;3370101;3500117;87;51;;;22;1;;;;;;;;;;0
1168;11406;6;3500118;3530810;99;51;;;9;1;;;;;;;;;;0
1169;11406;6;3530811;3640327;83;51;;;9;1;;;;;;;;;;0
1170;11406;6;3640328;3861231;99;51;;;9;1;;;;;;;;;;0
1171;11406;6;2850401;2861231;99;51;;;9;1;;;;;;;;;;0
1172;540;6;2850401;2861231;99;51;;;9;1;;;;;;;;;;0
1173;540;6;2870101;2951231;101;51;;;9;1;;;;;;;;;;0
1174;540;6;2960101;3240918;99;51;;;22;1;;;;;;;;;;0
1175;540;6;3250101;3361231;83;51;;;9;1;;;;;;;;;;0
1176;540;6;3370101;3500117;87;51;;;22;1;;;;;;;;;;0
1177;540;6;3500118;3530810;99;51;;;9;1;;;;;;;;;;0
1178;540;6;3530811;3640327;83;51;;;9;1;;;;;;;;;;0
1179;540;6;3640328;3861231;99;51;;;9;1;;;;;;;;;;0
1180;9562;6;2850401;2861231;99;51;;;9;1;;;;;;;;;;0
1181;9562;6;2870101;2951231;101;51;;;9;1;;;;;;;;;;0
1182;9562;6;2960101;3240918;99;51;;;22;1;;;;;;;;;;0
1183;9562;6;3250101;3361231;83;51;;;9;1;;;;;;;;;;0
1184;9562;6;3370101;3500117;87;51;;;22;1;;;;;;;;;;0
1185;9562;6;3500118;3530810;99;51;;;9;1;;;;;;;;;;0
1186;9562;6;3530811;3640327;83;51;;;9;1;;;;;;;;;;0
1187;9562;6;3640328;3861231;99;51;;;9;1;;;;;;;;;;0
1188;9239;17;2960101;3240918;99;86;85;;22;21;20;;;;;;100;24;;0
1189;11374;31;1970101;2850331;83;88;;;9;19;;;;;;;;;;0
1190;11374;31;2960101;3240918;99;86;85;;22;21;20;;;;;;100;24;;0
1191;221;7;3240919;3361231;83;99;86;85;9;22;21;20;;;;;;;;0
1192;221;7;2960101;3240918;99;86;85;;22;21;20;;;;;;100;24;;0
1193;322;32;2960101;3240918;99;86;85;;22;21;20;;;;;;100;24;;0
1194;9268;9;2960101;3240918;99;86;85;;22;21;20;;;;;;100;24;;0
1195;11221;9;2960101;3240918;99;86;85;;22;21;20;;;;;;100;24;;0
1196;296;9;2960101;3240918;99;86;85;;22;21;20;;;;;;100;24;;0
1197;3287;9;2960101;3240918;99;86;85;;22;21;20;;;;;;100;24;;0
1198;271;9;2960101;3240918;99;86;85;;22;21;20;;;;;;100;24;;0
1199;9239;17;2850401;2861231;99;88;;;9;19;;;;;;;100;23;;0
1200;9239;17;2870101;2951231;101;84;;;9;20;;;;;;;;;;0
1201;11374;31;2850401;2861231;99;88;;;9;19;;;;;;;100;23;;0
1202;11374;31;2870101;2951231;101;84;;;9;20;;;;;;;;;;0
1203;11221;9;2850401;2861231;99;88;;;9;19;;;;1;;;100;23;;0
1204;11221;9;2870101;2951231;101;84;;;9;20;;;;;;;;;;0
1205;9268;9;2850401;2861231;99;88;;;9;19;;;;1;;;100;23;;0
1206;9268;9;2870101;2951231;101;84;;;9;20;;;;;;;;;;0
1207;296;9;2850401;2861231;99;88;;;9;19;;;;1;;;100;23;;0
1208;296;9;2870101;2951231;101;84;;;9;20;;;;;;;;;;0
1209;3287;9;2850401;2861231;99;88;;;9;19;;;;1;;;100;23;;0
1210;3287;9;2870101;2951231;101;84;;;9;20;;;;;;;;;;0
1211;322;32;2850401;2861231;99;88;;;9;19;;;;;;;100;23;;0
1212;322;32;2870101;2951231;101;84;;;9;20;;;;;;;;;;0
1213;271;9;2850401;2861231;99;88;;;9;19;;;;1;;;100;23;;0
1214;271;9;2870101;2951231;101;84;;;9;20;;;;;;;;;;0
1215;221;7;2850401;2861231;99;88;;;9;19;;;;;;;100;23;;0
1216;221;7;2870101;2951231;101;84;;;9;20;;;;;;;;;;0
1217;13070;9;2850401;2861231;99;88;;;9;19;;;;;;;100;23;;0
1218;13070;9;2870101;2951231;101;84;;;9;20;;;;;;;;;;0
1219;13070;9;2960101;3240918;99;86;85;;22;21;20;;;;;;100;24;;0
1220;11333;9;2850401;2861231;99;88;;;9;19;;;;;;;100;23;;0
1221;11333;9;2870101;2951231;101;84;;;9;20;;;;;;;;;;0
1222;11333;9;2960101;3240918;99;86;85;;22;21;20;;;;;;100;24;;0
1223;11446;9;2850401;2861231;99;88;;;9;19;;;;;;;100;23;;0
1224;11446;9;2870101;2951231;101;84;;;9;20;;;;;;;;;;0
1225;11446;9;2960101;3240918;99;86;85;;22;21;20;;;;;;100;24;;0
1226;11471;9;2850401;2861231;99;88;;;9;19;;;;;;;100;23;;0
1227;11471;9;2870101;2951231;101;84;;;9;20;;;;;;;;;;0
1228;11471;9;2960101;3240918;99;86;89;;22;21;20;;;;;;100;24;;0
1229;6301;9;2850401;2861231;99;88;;;9;19;;;;;;;100;23;;0
1230;6301;9;2870101;2951231;101;84;;;9;20;;;;;;;;;;0
1231;6301;9;2960101;3240918;99;86;89;;22;21;20;;;;;;100;24;;0
1232;311;9;2850401;2861231;99;88;;;9;19;;;;;;;100;23;;0
1233;311;9;2870101;2951231;101;84;;;9;20;;;;;;;;;;0
1234;311;9;2960101;3240918;99;86;89;;22;21;20;;;;;;100;24;;0
1235;3274;9;2850401;2861231;99;88;;;9;19;;;;;;;100;23;;0
1236;3274;9;2870101;2951231;101;84;;;9;20;;;;;;;;;;0
1237;3274;9;2960101;3240918;99;86;89;;22;21;20;;;;;;100;24;;0
1238;11361;9;2850401;2861231;99;88;;;9;19;;;;;;;100;23;;0
1239;11361;9;2870101;2951231;101;84;;;9;20;;;;;;;;;;0
1240;11361;9;2960101;3240918;99;86;89;;22;21;20;;;;;;100;24;;0
1241;9297;9;2850401;2861231;99;97;;;9;19;;;;;;;100;23;;0
1242;9297;9;2870101;2951231;101;84;;;9;20;;;;;;;;;;0
1243;9297;9;2960101;3240918;99;86;98;;22;21;20;;;;;;100;24;;0
1244;9322;9;2850401;2861231;99;97;;;9;19;;;;;;;100;23;;0
1245;9322;9;2870101;2951231;101;84;;;9;20;;;;;;;;;;0
1246;9322;9;2960101;3240918;99;86;98;;22;21;20;;;;;;100;24;;0
1247;3353;9;2850401;2861231;99;97;;;9;19;;;;;;;100;23;;0
1248;3353;9;2870101;2951231;101;84;;;9;20;;;;;;;;;;0
1249;3353;9;2960101;3240918;99;86;98;;22;21;20;;;;;;100;24;;0
1250;364;9;2850401;2861231;99;97;;;9;19;;;;;;;100;23;;0
1251;364;9;2870101;2951231;101;84;;;9;20;;;;;;;;;;0
1252;364;9;2960101;3240918;99;86;98;;22;21;20;;;;;;100;24;;0
1253;6237;9;2850401;2861231;99;97;;;9;19;;;;;;;100;23;;0
1254;6237;9;2870101;2951231;101;84;;;9;20;;;;;;;;;;0
1255;6237;9;2960101;3240918;99;86;98;;22;21;20;;;;;;100;24;;0
1256;9285;9;2850401;2861231;99;97;;;9;19;;;;;;;100;23;;0
1257;9285;9;2870101;2951231;101;84;;;9;20;;;;;;;;;;0
1258;9285;9;2960101;3240918;99;86;105;;22;21;20;;;;;;100;24;;0
1259;351;9;2850401;2861231;99;97;;;9;19;;;;;;;100;23;;0
1260;351;9;2870101;2951231;101;84;;;9;20;;;;;;;;;;0
1261;351;9;2960101;3240918;99;86;105;;22;21;20;;;;;;100;24;;0
1262;219;9;2850401;2861231;99;97;;;9;19;;;;;;;100;23;;0
1263;219;9;2870101;2951231;101;84;;;9;20;;;;;;;;;;0
1264;219;9;2960101;3240918;99;86;105;;22;21;20;;;;;;100;24;;0
1265;11317;9;2850401;2861231;99;97;;;9;19;;;;;;;100;23;;0
1266;11317;9;2870101;2951231;101;84;;;9;20;;;;;;;;;;0
1267;11317;9;2960101;3240918;99;86;105;;22;21;20;;;;;;100;24;;0
1268;9397;9;2850401;2861231;99;97;;;9;19;;;;;;;100;23;;0
1269;9397;9;2870101;2951231;101;84;;;9;20;;;;;;;;;;0
1270;9397;9;2960101;3240918;99;86;105;;22;21;20;;;;;;100;24;;0
1271;6399;9;2850401;2861231;99;97;;;9;19;;;;;;;100;23;;0
1272;6399;9;2870101;2951231;101;84;;;9;20;;;;;;;;;;0
1273;6399;9;2960101;3240918;99;86;105;;22;21;20;;;;;;100;24;;0
1274;6268;9;2850401;2861231;99;97;;;9;19;;;;;;;100;23;;0
1275;6268;9;2870101;2951231;101;84;;;9;20;;;;;;;;;;0
1276;6268;9;2960101;3240918;99;86;105;;22;21;20;;;;;;100;24;;0
1277;9379;9;2850401;2861231;99;97;;;9;19;;;;;;;100;23;;0
1278;9379;9;2870101;2951231;101;84;;;9;20;;;;;;;;;;0
1279;9379;9;2960101;3240918;99;86;105;;22;21;20;;;;;;100;24;;0
1280;9315;9;2850401;2861231;99;97;;;9;19;;;;;;;100;23;;0
1281;9315;9;2960101;3240918;99;86;105;;22;21;20;;;;;;100;24;;0
1282;6335;9;2850401;2861231;99;97;;;9;19;;;;;;;100;23;;0
1283;6335;9;2870101;2951231;101;84;;;9;20;;;;;;;;;;0
1284;6335;9;2960101;3240918;99;86;105;;22;21;20;;;;;;100;24;;0
1285;6384;9;2850401;2861231;99;97;;;9;19;;;;;;;100;23;;0
1286;6384;9;2870101;2951231;101;84;;;9;20;;;;;;;;;;0
1287;6384;9;2960101;3240918;99;86;105;;22;21;20;;;;;;100;24;;0
1288;11299;6;2850401;2861231;99;70;;;9;1;;;;;;;;;;0
1289;11378;6;2850401;2861231;99;70;;;9;1;;;;;;;;;;0
1290;11299;6;2870101;2951231;101;70;;;9;1;;;;;;;;;;0
1291;11378;6;2870101;2951231;101;70;;;9;1;;;;;;;;;;0
1292;11299;6;2960101;3240918;99;70;;;22;1;;;;;;;;;;0
1293;11378;6;2960101;3240918;99;70;;;22;1;;;;;;;;;;0
1294;9314;6;2850401;2861231;99;69;;;9;1;;;;;;;;;;0
1295;9314;6;2870101;2951231;101;69;;;9;1;;;;;;;;;;0
1296;9314;6;2960101;3240918;99;69;;;22;1;;;;;;;;;;0
1297;11218;6;2850401;2861231;99;69;;;9;1;;;;;;;;;;0
1298;11218;6;2870101;2951231;101;69;;;9;1;;;;;;;;;;0
1299;11218;6;2960101;3240918;99;69;;;22;1;;;;;;;;;;0
1300;9350;6;2850401;2861231;99;68;;;9;1;;;;;;;;;;0
1301;9350;6;2870101;2951231;101;68;;;9;1;;;;;;;;;;0
1302;9350;6;2960101;3240918;99;68;;;22;1;;;;;;;;;;0
1303;6350;6;2850401;2861231;99;68;;;9;1;;;;;;;;;;0
1304;6350;6;2870101;2951231;101;68;;;9;1;;;;;;;;;;0
1305;6350;6;2960101;3240918;99;68;;;22;1;;;;;;;;;;0
1306;11471;9;3240919;3361231;83;99;86;89;9;22;21;20;;;;;;;;0
1307;9297;9;3240919;3361231;83;99;86;98;9;22;21;20;;;;;;;;0
1308;6301;9;3240919;3361231;83;99;86;89;9;22;21;20;;;;;;;;0
1309;311;9;3240919;3361231;83;99;86;89;9;22;21;20;;;;;;;;0
1310;3274;9;3240919;3361231;83;99;86;89;9;22;21;20;;;;;;;;0
1311;11361;9;3240919;3361231;83;99;86;89;9;22;21;20;;;;;;;;0
1312;9322;9;3240919;3361231;83;99;86;98;9;22;21;20;;;;;;;;0
1313;271;9;3240919;3361231;83;99;86;85;9;22;21;20;;;;;;;;0
1314;3287;9;3240919;3361231;83;99;86;85;9;22;21;20;;;;;;;;0
1315;11374;31;3240919;3361231;83;99;86;85;9;22;21;20;;;;;;;;0
1316;13070;9;3240919;3361231;83;99;86;85;9;22;21;20;;;;;;;;0
1317;11446;9;3240919;3361231;83;99;86;85;9;22;21;20;;;;;;;;0
1318;11333;9;3240919;3361231;83;99;86;85;9;22;21;20;;;;;;;;0
1319;296;9;3240919;3361231;83;99;86;85;9;22;21;20;;;;;;;;0
1320;11221;9;3240919;3361231;83;99;86;85;9;22;21;20;;;;;;;;0
1321;9268;9;3240919;3361231;83;99;86;85;9;22;21;20;;;;;;;;0
1322;6237;9;3240919;3361231;83;99;86;98;9;22;21;20;;;;;;;;0
1323;364;9;3240919;3361231;83;99;86;98;9;22;21;20;;;;;;;;0
1324;3353;9;3240919;3361231;83;99;86;98;9;22;21;20;;;;;;;;0
1325;351;9;3240919;3361231;83;99;86;105;9;22;21;20;;;;;;;;0
1326;219;9;3240919;3361231;83;99;86;105;9;22;21;20;;;;;;;;0
1327;9285;9;3240919;3361231;83;99;86;105;9;22;21;20;;;;;;;;0
1328;6399;9;3240919;3361231;83;99;86;105;9;22;21;20;;;;;;;;0
1329;11317;9;3240919;3361231;83;99;86;105;9;22;21;20;;;;;;;;0
1330;9397;9;3370101;3391231;87;86;105;;22;21;20;;;;;;100;25;;0
1331;9397;9;3240919;3361231;83;99;86;105;9;22;21;20;;;;;;;;0
1332;6268;9;3240919;3361231;83;99;86;105;9;22;21;20;;;;;;;;0
1333;9379;9;3240919;3361231;83;99;86;105;9;22;21;20;;;;;;;;0
1334;9315;9;3240919;3361231;83;99;86;105;9;22;21;20;;;;;;;;0
1335;6335;9;3240919;3361231;83;99;86;105;9;22;21;20;;;;;;;;0
1336;6384;9;3240919;3361231;83;99;86;105;9;22;21;20;;;;;;;;0
1337;11299;6;3240919;3361231;83;70;;;9;1;;;;;;;;;;0
1338;11378;6;3240919;3361231;83;70;;;9;1;;;;;;;;;;0
1339;9314;6;3240919;3361231;83;69;;;9;1;;;;;;;;;;0
1340;11218;6;3240919;3361231;83;69;;;9;1;;;;;;;;;;0
1341;9350;6;3240919;3361231;83;68;;;9;1;;;;;;;;;;0
1342;6350;6;3240919;3361231;83;68;;;9;1;;;;;;;;;;0
1343;6300;6;2970101;3361231;135;;;;17;;;;;;;;;;;0
1344;6385;6;2970101;3361231;135;;;;17;;;;;;;;;;;0
1345;284;6;2970101;3361231;135;;;;17;;;;;;;;;;;0
1346;3373;6;2970101;3361231;135;;;;17;;;;;;;;;;;0
1347;159;6;2970101;3361231;135;;;;17;;;;;;;;;;;0
1348;11306;6;2970101;3361231;135;;;;17;;;;;;;;;;;0
1349;3150;6;2970101;3361231;135;;;;17;;;;;;;;;;;0
1350;11136;6;2970101;3361231;135;;;;17;;;;;;;;;;;0
1351;200;6;2970101;3361231;135;;;;17;;;;;;;;;;;0
1352;11207;6;2970101;3361231;135;;;;17;;;;;;;;;;;0
1353;11055;6;2970101;3361231;135;;;;17;;;;;;;;;;;0
1354;9161;6;2970101;3361231;135;;;;17;;;;;;;;;;;0
1355;9075;6;2970101;3361231;135;;;;17;;;;;;;;;;;0
1356;11266;6;2970101;3361231;135;;;;17;;;;;;;;;;;0
1357;11161;6;2970101;3361231;135;;;;17;;;;;;;;;;;0
1358;6046;6;2970101;3361231;135;;;;17;;;;;;;;;;;0
1359;3178;6;2970101;3361231;135;;;;17;;;;;;;;;;;0
1360;6205;6;2970101;3361231;135;;;;17;;;;;;;;;;;0
1361;6104;6;2970101;3361231;135;;;;17;;;;;;;;;;;0
1362;3159;6;2970101;3361231;135;;;;17;;;;;;;;;;;0
1363;9090;6;2970101;3361231;135;;;;17;;;;;;;;;;;0
1364;131;6;2970101;3361231;135;;;;17;;;;;;;;;;;0
1365;11064;6;2970101;3361231;135;;;;17;;;;;;;;;;;0
1366;6062;6;2970101;3361231;135;;;;17;;;;;;;;;;;0
1367;11471;9;3370101;3391231;87;86;89;;22;21;20;;;;;;100;25;;0
1368;9297;9;3370101;3391231;87;86;98;;22;21;20;;;;;;100;25;;0
1369;6301;9;3370101;3391231;87;86;89;;22;21;20;;;;;;100;25;;0
